[2025-05-23 10:35:54 INFO  (main)] - Config - db.password: 
[2025-05-23 10:35:54 INFO  (main)] - Config - game.shinwa.fee: 5000
[2025-05-23 10:35:54 INFO  (main)] - Config - mongodb.password: 
[2025-05-23 10:35:54 INFO  (main)] - Config - server.log.display: false
[2025-05-23 10:35:54 INFO  (main)] - Config - mongodb.host: localhost
[2025-05-23 10:35:54 INFO  (main)] - Config - mongodb.port: 27017
[2025-05-23 10:35:54 INFO  (main)] - Config - db.user: root
[2025-05-23 10:35:54 INFO  (main)] - Config - game.quantity.display.max: 65535
[2025-05-23 10:35:54 INFO  (main)] - Config - game.data.version: 56
[2025-05-23 10:35:54 INFO  (main)] - Config - scheduledPoolSize: 20
[2025-05-23 10:35:54 INFO  (main)] - Config - db.port: 3306
[2025-05-23 10:35:54 INFO  (main)] - Config - server.port: 14444
[2025-05-23 10:35:54 INFO  (main)] - Config - db.minconnections: 15
[2025-05-23 10:35:54 INFO  (main)] - Config - websocket.host: ws://localhost
[2025-05-23 10:35:54 INFO  (main)] - Config - server.id: 1
[2025-05-23 10:35:54 INFO  (main)] - Config - game.shinwa.active: true
[2025-05-23 10:35:54 INFO  (main)] - Config - game.login.limit: 20
[2025-05-23 10:35:54 INFO  (main)] - Config - db.maxconnections: 20
[2025-05-23 10:35:54 INFO  (main)] - Config - game.item.version: 46
[2025-05-23 10:35:54 INFO  (main)] - Config - game.store.discount: 0
[2025-05-23 10:35:54 INFO  (main)] - Config - game.shinwa.player.max: 20
[2025-05-23 10:35:54 INFO  (main)] - Config - server.notification: Hellos
[2025-05-23 10:35:54 INFO  (main)] - Config - game.map.version: 36
[2025-05-23 10:35:54 INFO  (main)] - Config - ï»¿#Cau: hinh
[2025-05-23 10:35:54 INFO  (main)] - Config - mongodb.user: root
[2025-05-23 10:35:54 INFO  (main)] - Config - game.event: com.nsoz.event.LunarNewYear
[2025-05-23 10:35:54 INFO  (main)] - Config - game.shinwa.max: 10000
[2025-05-23 10:35:54 INFO  (main)] - Config - game.upgrade.percent.add: 0
[2025-05-23 10:35:54 INFO  (main)] - Config - websocket.port: 8020
[2025-05-23 10:35:54 INFO  (main)] - Config - db.driver: com.mysql.cj.jdbc.Driver
[2025-05-23 10:35:54 INFO  (main)] - Config - db.dbname: nsoz
[2025-05-23 10:35:54 INFO  (main)] - Config - threadPoolSize: 50
[2025-05-23 10:35:54 INFO  (main)] - Config - client.data.size.max: 1024
[2025-05-23 10:35:54 INFO  (main)] - Config - game.arena.active: true
[2025-05-23 10:35:54 INFO  (main)] - Config - db.host: localhost
[2025-05-23 10:35:54 INFO  (main)] - Config - game.skill.version: 35
[2025-05-23 10:35:54 INFO  (main)] - Config - game.EXP: 1
[2025-05-23 10:35:54 INFO  (main)] - Config - mongodb.dbname: admin
[2025-05-23 10:35:54 INFO  (main)] - DB Connection Pool has created.
[2025-05-23 10:35:57 INFO  (main)] - Loading list leader board
[2025-05-23 10:35:57 INFO  (main)] - Load list leader board successfully
[2025-05-23 10:35:57 INFO  (main)] - Loading clan data
[2025-05-23 10:35:57 INFO  (main)] - Load clan data successfully
[2025-05-23 10:35:57 INFO  (main)] - Load TDB
[2025-05-23 10:35:57 INFO  (main)] - load finish:Thiên bảng
[2025-05-23 10:35:57 INFO  (main)] - load finish:Địa bảng
[2025-05-23 10:35:57 INFO  (main)] - Load TDB successfully
[2025-05-23 10:35:57 ERROR (Ranked)] - init top dai gia err
java.sql.SQLSyntaxErrorException: Unknown column 'countvxmm' in 'field list'
	at com.mysql.cj.jdbc.exceptions.SQLError.createSQLException(SQLError.java:120)
	at com.mysql.cj.jdbc.exceptions.SQLExceptionsMapping.translateException(SQLExceptionsMapping.java:122)
	at com.mysql.cj.jdbc.ClientPreparedStatement.executeInternal(ClientPreparedStatement.java:916)
	at com.mysql.cj.jdbc.ClientPreparedStatement.executeQuery(ClientPreparedStatement.java:972)
	at com.zaxxer.hikari.pool.ProxyPreparedStatement.executeQuery(ProxyPreparedStatement.java:52)
	at com.zaxxer.hikari.pool.HikariProxyPreparedStatement.executeQuery(HikariProxyPreparedStatement.java)
	at com.nsoz.server.Ranked.initTopVXMM(Ranked.java:219)
	at com.nsoz.server.Ranked.refresh(Ranked.java:63)
	at com.nsoz.server.Ranked$1.run(Ranked.java:49)
	at java.base/java.util.TimerThread.mainLoop(Timer.java:566)
	at java.base/java.util.TimerThread.run(Timer.java:516)
[2025-05-23 10:35:57 ERROR (Ranked)] - init top nap dong
java.sql.SQLSyntaxErrorException: Unknown column 'tongnap' in 'field list'
	at com.mysql.cj.jdbc.exceptions.SQLError.createSQLException(SQLError.java:120)
	at com.mysql.cj.jdbc.exceptions.SQLExceptionsMapping.translateException(SQLExceptionsMapping.java:122)
	at com.mysql.cj.jdbc.ClientPreparedStatement.executeInternal(ClientPreparedStatement.java:916)
	at com.mysql.cj.jdbc.ClientPreparedStatement.executeQuery(ClientPreparedStatement.java:972)
	at com.zaxxer.hikari.pool.ProxyPreparedStatement.executeQuery(ProxyPreparedStatement.java:52)
	at com.zaxxer.hikari.pool.HikariProxyPreparedStatement.executeQuery(HikariProxyPreparedStatement.java)
	at com.nsoz.server.Ranked.initTopNap(Ranked.java:241)
	at com.nsoz.server.Ranked.refresh(Ranked.java:64)
	at com.nsoz.server.Ranked$1.run(Ranked.java:49)
	at java.base/java.util.TimerThread.mainLoop(Timer.java:566)
	at java.base/java.util.TimerThread.run(Timer.java:516)
[2025-05-23 10:35:57 INFO  (Ranked)] - Refresh ranked success.
[2025-05-23 10:35:58 INFO  (main)] - Tự động bảo trì 0h0
[2025-05-23 10:35:58 INFO  (main)] - Start socket post=14444
[2025-05-23 10:35:58 INFO  (main)] - Start server Success!
[2025-05-23 10:35:58 INFO  (Thread-346)] - Connect to socket server successfully!
[2025-05-23 10:36:59 INFO  (main)] - Config - db.password: 
[2025-05-23 10:36:59 INFO  (main)] - Config - game.shinwa.fee: 5000
[2025-05-23 10:36:59 INFO  (main)] - Config - mongodb.password: 
[2025-05-23 10:36:59 INFO  (main)] - Config - server.log.display: false
[2025-05-23 10:36:59 INFO  (main)] - Config - mongodb.host: localhost
[2025-05-23 10:36:59 INFO  (main)] - Config - mongodb.port: 27017
[2025-05-23 10:36:59 INFO  (main)] - Config - db.user: root
[2025-05-23 10:36:59 INFO  (main)] - Config - game.quantity.display.max: 65535
[2025-05-23 10:36:59 INFO  (main)] - Config - game.data.version: 56
[2025-05-23 10:36:59 INFO  (main)] - Config - scheduledPoolSize: 20
[2025-05-23 10:36:59 INFO  (main)] - Config - db.port: 3306
[2025-05-23 10:36:59 INFO  (main)] - Config - server.port: 14444
[2025-05-23 10:36:59 INFO  (main)] - Config - db.minconnections: 15
[2025-05-23 10:36:59 INFO  (main)] - Config - websocket.host: ws://localhost
[2025-05-23 10:36:59 INFO  (main)] - Config - server.id: 1
[2025-05-23 10:36:59 INFO  (main)] - Config - game.shinwa.active: true
[2025-05-23 10:36:59 INFO  (main)] - Config - game.login.limit: 20
[2025-05-23 10:36:59 INFO  (main)] - Config - db.maxconnections: 20
[2025-05-23 10:36:59 INFO  (main)] - Config - game.item.version: 46
[2025-05-23 10:36:59 INFO  (main)] - Config - game.store.discount: 0
[2025-05-23 10:36:59 INFO  (main)] - Config - game.shinwa.player.max: 20
[2025-05-23 10:36:59 INFO  (main)] - Config - server.notification: Hellos
[2025-05-23 10:36:59 INFO  (main)] - Config - game.map.version: 36
[2025-05-23 10:36:59 INFO  (main)] - Config - ï»¿#Cau: hinh
[2025-05-23 10:36:59 INFO  (main)] - Config - mongodb.user: root
[2025-05-23 10:36:59 INFO  (main)] - Config - game.event: com.nsoz.event.LunarNewYear
[2025-05-23 10:36:59 INFO  (main)] - Config - game.shinwa.max: 10000
[2025-05-23 10:36:59 INFO  (main)] - Config - game.upgrade.percent.add: 0
[2025-05-23 10:36:59 INFO  (main)] - Config - websocket.port: 8020
[2025-05-23 10:36:59 INFO  (main)] - Config - db.driver: com.mysql.cj.jdbc.Driver
[2025-05-23 10:36:59 INFO  (main)] - Config - db.dbname: nsozace
[2025-05-23 10:36:59 INFO  (main)] - Config - threadPoolSize: 50
[2025-05-23 10:36:59 INFO  (main)] - Config - client.data.size.max: 1024
[2025-05-23 10:36:59 INFO  (main)] - Config - game.arena.active: true
[2025-05-23 10:36:59 INFO  (main)] - Config - db.host: localhost
[2025-05-23 10:36:59 INFO  (main)] - Config - game.skill.version: 35
[2025-05-23 10:36:59 INFO  (main)] - Config - game.EXP: 1
[2025-05-23 10:36:59 INFO  (main)] - Config - mongodb.dbname: admin
[2025-05-23 10:36:59 INFO  (main)] - DB Connection Pool has created.
[2025-05-23 10:37:02 INFO  (main)] - Loading list leader board
[2025-05-23 10:37:02 INFO  (main)] - Load list leader board successfully
[2025-05-23 10:37:02 INFO  (main)] - Loading clan data
[2025-05-23 10:37:02 INFO  (main)] - Load clan data successfully
[2025-05-23 10:37:02 INFO  (main)] - Load TDB
[2025-05-23 10:37:02 INFO  (main)] - load finish:Thiên bảng
[2025-05-23 10:37:02 INFO  (main)] - load finish:Địa bảng
[2025-05-23 10:37:02 INFO  (main)] - Load TDB successfully
[2025-05-23 10:37:02 INFO  (Ranked)] - Refresh ranked success.
[2025-05-23 10:37:02 INFO  (main)] - Tự động bảo trì 0h0
[2025-05-23 10:37:02 INFO  (main)] - Start socket post=14444
[2025-05-23 10:37:02 INFO  (main)] - Start server Success!
[2025-05-23 10:37:02 INFO  (Thread-346)] - Connect to socket server successfully!
[2025-05-23 10:39:38 INFO  (main)] - Config - db.password: 
[2025-05-23 10:39:38 INFO  (main)] - Config - game.shinwa.fee: 5000
[2025-05-23 10:39:38 INFO  (main)] - Config - mongodb.password: 
[2025-05-23 10:39:38 INFO  (main)] - Config - server.log.display: false
[2025-05-23 10:39:38 INFO  (main)] - Config - mongodb.host: localhost
[2025-05-23 10:39:38 INFO  (main)] - Config - mongodb.port: 27017
[2025-05-23 10:39:38 INFO  (main)] - Config - db.user: root
[2025-05-23 10:39:38 INFO  (main)] - Config - game.quantity.display.max: 65535
[2025-05-23 10:39:38 INFO  (main)] - Config - game.data.version: 56
[2025-05-23 10:39:38 INFO  (main)] - Config - scheduledPoolSize: 20
[2025-05-23 10:39:38 INFO  (main)] - Config - db.port: 3306
[2025-05-23 10:39:38 INFO  (main)] - Config - server.port: 14444
[2025-05-23 10:39:38 INFO  (main)] - Config - db.minconnections: 15
[2025-05-23 10:39:38 INFO  (main)] - Config - websocket.host: ws://localhost
[2025-05-23 10:39:38 INFO  (main)] - Config - server.id: 1
[2025-05-23 10:39:38 INFO  (main)] - Config - game.shinwa.active: true
[2025-05-23 10:39:38 INFO  (main)] - Config - game.login.limit: 20
[2025-05-23 10:39:38 INFO  (main)] - Config - db.maxconnections: 20
[2025-05-23 10:39:38 INFO  (main)] - Config - game.item.version: 46
[2025-05-23 10:39:38 INFO  (main)] - Config - game.store.discount: 0
[2025-05-23 10:39:38 INFO  (main)] - Config - game.shinwa.player.max: 20
[2025-05-23 10:39:38 INFO  (main)] - Config - server.notification: Hellos
[2025-05-23 10:39:38 INFO  (main)] - Config - game.map.version: 36
[2025-05-23 10:39:38 INFO  (main)] - Config - ï»¿#Cau: hinh
[2025-05-23 10:39:38 INFO  (main)] - Config - mongodb.user: root
[2025-05-23 10:39:38 INFO  (main)] - Config - game.event: com.nsoz.event.LunarNewYear
[2025-05-23 10:39:38 INFO  (main)] - Config - game.shinwa.max: 10000
[2025-05-23 10:39:38 INFO  (main)] - Config - game.upgrade.percent.add: 0
[2025-05-23 10:39:38 INFO  (main)] - Config - websocket.port: 8020
[2025-05-23 10:39:38 INFO  (main)] - Config - db.driver: com.mysql.cj.jdbc.Driver
[2025-05-23 10:39:38 INFO  (main)] - Config - db.dbname: nsozace
[2025-05-23 10:39:38 INFO  (main)] - Config - threadPoolSize: 50
[2025-05-23 10:39:38 INFO  (main)] - Config - client.data.size.max: 1024
[2025-05-23 10:39:38 INFO  (main)] - Config - game.arena.active: true
[2025-05-23 10:39:38 INFO  (main)] - Config - db.host: localhost
[2025-05-23 10:39:38 INFO  (main)] - Config - game.skill.version: 35
[2025-05-23 10:39:38 INFO  (main)] - Config - game.EXP: 1
[2025-05-23 10:39:38 INFO  (main)] - Config - mongodb.dbname: admin
[2025-05-23 10:39:38 INFO  (main)] - DB Connection Pool has created.
[2025-05-23 10:39:41 INFO  (main)] - Loading list leader board
[2025-05-23 10:39:41 INFO  (main)] - Load list leader board successfully
[2025-05-23 10:39:41 INFO  (main)] - Loading clan data
[2025-05-23 10:39:41 INFO  (main)] - Load clan data successfully
[2025-05-23 10:39:41 INFO  (main)] - Load TDB
[2025-05-23 10:39:41 INFO  (main)] - load finish:Thiên bảng
[2025-05-23 10:39:41 INFO  (main)] - load finish:Địa bảng
[2025-05-23 10:39:41 INFO  (main)] - Load TDB successfully
[2025-05-23 10:39:41 INFO  (Ranked)] - Refresh ranked success.
[2025-05-23 10:39:42 INFO  (main)] - Tự động bảo trì 0h0
[2025-05-23 10:39:42 INFO  (main)] - Start socket post=14444
[2025-05-23 10:39:42 INFO  (main)] - Start server Success!
[2025-05-23 10:39:42 INFO  (Thread-346)] - Connect to socket server successfully!
[2025-05-23 10:39:42 INFO  (Thread-346)] - ========================================
[2025-05-23 10:39:42 INFO  (Thread-346)] - ===        ĐỊT LỒN MẸ CON CHÓ TRUNG ĐỨC    ===
[2025-05-23 10:39:42 INFO  (Thread-346)] - ========================================
[2025-05-23 10:41:03 INFO  (main)] - Config - db.password: 
[2025-05-23 10:41:03 INFO  (main)] - Config - game.shinwa.fee: 5000
[2025-05-23 10:41:03 INFO  (main)] - Config - mongodb.password: 
[2025-05-23 10:41:03 INFO  (main)] - Config - server.log.display: false
[2025-05-23 10:41:03 INFO  (main)] - Config - mongodb.host: localhost
[2025-05-23 10:41:03 INFO  (main)] - Config - mongodb.port: 27017
[2025-05-23 10:41:03 INFO  (main)] - Config - db.user: root
[2025-05-23 10:41:03 INFO  (main)] - Config - game.quantity.display.max: 65535
[2025-05-23 10:41:03 INFO  (main)] - Config - game.data.version: 56
[2025-05-23 10:41:03 INFO  (main)] - Config - scheduledPoolSize: 20
[2025-05-23 10:41:03 INFO  (main)] - Config - db.port: 3306
[2025-05-23 10:41:03 INFO  (main)] - Config - server.port: 14444
[2025-05-23 10:41:03 INFO  (main)] - Config - db.minconnections: 15
[2025-05-23 10:41:03 INFO  (main)] - Config - websocket.host: ws://localhost
[2025-05-23 10:41:03 INFO  (main)] - Config - server.id: 1
[2025-05-23 10:41:03 INFO  (main)] - Config - game.shinwa.active: true
[2025-05-23 10:41:03 INFO  (main)] - Config - game.login.limit: 20
[2025-05-23 10:41:03 INFO  (main)] - Config - db.maxconnections: 20
[2025-05-23 10:41:03 INFO  (main)] - Config - game.item.version: 46
[2025-05-23 10:41:03 INFO  (main)] - Config - game.store.discount: 0
[2025-05-23 10:41:03 INFO  (main)] - Config - game.shinwa.player.max: 20
[2025-05-23 10:41:03 INFO  (main)] - Config - server.notification: Hellos
[2025-05-23 10:41:03 INFO  (main)] - Config - game.map.version: 36
[2025-05-23 10:41:03 INFO  (main)] - Config - ï»¿#Cau: hinh
[2025-05-23 10:41:03 INFO  (main)] - Config - mongodb.user: root
[2025-05-23 10:41:03 INFO  (main)] - Config - game.event: com.nsoz.event.LunarNewYear
[2025-05-23 10:41:03 INFO  (main)] - Config - game.shinwa.max: 10000
[2025-05-23 10:41:03 INFO  (main)] - Config - game.upgrade.percent.add: 0
[2025-05-23 10:41:03 INFO  (main)] - Config - websocket.port: 8020
[2025-05-23 10:41:03 INFO  (main)] - Config - db.driver: com.mysql.cj.jdbc.Driver
[2025-05-23 10:41:03 INFO  (main)] - Config - db.dbname: nsozace
[2025-05-23 10:41:03 INFO  (main)] - Config - threadPoolSize: 50
[2025-05-23 10:41:03 INFO  (main)] - Config - client.data.size.max: 1024
[2025-05-23 10:41:03 INFO  (main)] - Config - game.arena.active: true
[2025-05-23 10:41:03 INFO  (main)] - Config - db.host: localhost
[2025-05-23 10:41:03 INFO  (main)] - Config - game.skill.version: 35
[2025-05-23 10:41:03 INFO  (main)] - Config - game.EXP: 1
[2025-05-23 10:41:03 INFO  (main)] - Config - mongodb.dbname: admin
[2025-05-23 10:41:03 INFO  (main)] - DB Connection Pool has created.
[2025-05-23 10:41:06 INFO  (main)] - Loading list leader board
[2025-05-23 10:41:06 INFO  (main)] - Load list leader board successfully
[2025-05-23 10:41:06 INFO  (main)] - Loading clan data
[2025-05-23 10:41:06 INFO  (main)] - Load clan data successfully
[2025-05-23 10:41:06 INFO  (main)] - Load TDB
[2025-05-23 10:41:06 INFO  (main)] - load finish:Thiên bảng
[2025-05-23 10:41:06 INFO  (main)] - load finish:Địa bảng
[2025-05-23 10:41:06 INFO  (main)] - Load TDB successfully
[2025-05-23 10:41:06 INFO  (Ranked)] - Refresh ranked success.
[2025-05-23 10:41:06 INFO  (main)] - Tự động bảo trì 0h0
[2025-05-23 10:41:06 INFO  (main)] - Start socket post=14444
[2025-05-23 10:41:06 INFO  (main)] - Start server Success!
[2025-05-23 10:41:06 INFO  (Thread-346)] - Connect to socket server successfully!
[2025-05-23 10:41:06 INFO  (Thread-346)] - ████████╗ ██████╗ ██╗███████╗██╗  ██╗ █████╗ ██████╗ ███████╗
[2025-05-23 10:41:06 INFO  (Thread-346)] - ╚══██╔══╝██╔═══██╗██║██╔════╝╚██╗██╔╝██╔══██╗██╔══██╗██╔════╝
[2025-05-23 10:41:06 INFO  (Thread-346)] -    ██║   ██║   ██║██║█████╗   ╚███╔╝ ███████║██████╔╝█████╗  
[2025-05-23 10:41:06 INFO  (Thread-346)] -    ██║   ██║   ██║██║██╔══╝   ██╔██╗ ██╔══██║██╔═══╝ ██╔══╝  
[2025-05-23 10:41:06 INFO  (Thread-346)] -    ██║   ╚██████╔╝██║███████╗██╔╝ ██╗██║  ██║██║     ███████╗
[2025-05-23 10:41:06 INFO  (Thread-346)] -    ╚═╝    ╚═════╝ ╚═╝╚══════╝╚═╝  ╚═╝╚═╝  ╚═╝╚═╝     ╚══════╝
[2025-05-23 10:41:06 INFO  (Thread-346)] -                    © TOISHARE.US - CẤM SAO CHÉP
[2025-05-23 10:43:51 INFO  (main)] - Config - db.password: 
[2025-05-23 10:43:51 INFO  (main)] - Config - game.shinwa.fee: 5000
[2025-05-23 10:43:51 INFO  (main)] - Config - mongodb.password: 
[2025-05-23 10:43:51 INFO  (main)] - Config - server.log.display: false
[2025-05-23 10:43:51 INFO  (main)] - Config - mongodb.host: localhost
[2025-05-23 10:43:51 INFO  (main)] - Config - mongodb.port: 27017
[2025-05-23 10:43:51 INFO  (main)] - Config - db.user: root
[2025-05-23 10:43:51 INFO  (main)] - Config - game.quantity.display.max: 65535
[2025-05-23 10:43:51 INFO  (main)] - Config - game.data.version: 56
[2025-05-23 10:43:51 INFO  (main)] - Config - scheduledPoolSize: 20
[2025-05-23 10:43:51 INFO  (main)] - Config - db.port: 3306
[2025-05-23 10:43:51 INFO  (main)] - Config - server.port: 14444
[2025-05-23 10:43:51 INFO  (main)] - Config - db.minconnections: 15
[2025-05-23 10:43:51 INFO  (main)] - Config - websocket.host: ws://localhost
[2025-05-23 10:43:51 INFO  (main)] - Config - server.id: 1
[2025-05-23 10:43:51 INFO  (main)] - Config - game.shinwa.active: true
[2025-05-23 10:43:51 INFO  (main)] - Config - game.login.limit: 20
[2025-05-23 10:43:51 INFO  (main)] - Config - db.maxconnections: 20
[2025-05-23 10:43:51 INFO  (main)] - Config - game.item.version: 46
[2025-05-23 10:43:51 INFO  (main)] - Config - game.store.discount: 0
[2025-05-23 10:43:51 INFO  (main)] - Config - game.shinwa.player.max: 20
[2025-05-23 10:43:51 INFO  (main)] - Config - server.notification: Hellos
[2025-05-23 10:43:51 INFO  (main)] - Config - game.map.version: 36
[2025-05-23 10:43:51 INFO  (main)] - Config - ï»¿#Cau: hinh
[2025-05-23 10:43:51 INFO  (main)] - Config - mongodb.user: root
[2025-05-23 10:43:51 INFO  (main)] - Config - game.event: com.nsoz.event.LunarNewYear
[2025-05-23 10:43:51 INFO  (main)] - Config - game.shinwa.max: 10000
[2025-05-23 10:43:51 INFO  (main)] - Config - game.upgrade.percent.add: 0
[2025-05-23 10:43:51 INFO  (main)] - Config - websocket.port: 8020
[2025-05-23 10:43:51 INFO  (main)] - Config - db.driver: com.mysql.cj.jdbc.Driver
[2025-05-23 10:43:51 INFO  (main)] - Config - db.dbname: nsozace
[2025-05-23 10:43:51 INFO  (main)] - Config - threadPoolSize: 50
[2025-05-23 10:43:51 INFO  (main)] - Config - client.data.size.max: 1024
[2025-05-23 10:43:51 INFO  (main)] - Config - game.arena.active: true
[2025-05-23 10:43:51 INFO  (main)] - Config - db.host: localhost
[2025-05-23 10:43:51 INFO  (main)] - Config - game.skill.version: 35
[2025-05-23 10:43:51 INFO  (main)] - Config - game.EXP: 1
[2025-05-23 10:43:51 INFO  (main)] - Config - mongodb.dbname: admin
[2025-05-23 10:43:51 INFO  (main)] - DB Connection Pool has created.
[2025-05-23 10:43:53 INFO  (main)] - Loading list leader board
[2025-05-23 10:43:53 INFO  (main)] - Load list leader board successfully
[2025-05-23 10:43:53 INFO  (main)] - Loading clan data
[2025-05-23 10:43:53 INFO  (main)] - Load clan data successfully
[2025-05-23 10:43:53 INFO  (main)] - Load TDB
[2025-05-23 10:43:53 INFO  (main)] - load finish:Thiên bảng
[2025-05-23 10:43:53 INFO  (main)] - load finish:Địa bảng
[2025-05-23 10:43:53 INFO  (main)] - Load TDB successfully
[2025-05-23 10:43:53 INFO  (Ranked)] - Refresh ranked success.
[2025-05-23 10:43:53 INFO  (main)] - Tự động bảo trì 0h0
[2025-05-23 10:43:53 INFO  (main)] - Start socket post=14444
[2025-05-23 10:43:53 INFO  (main)] - Start server Success!
[2025-05-23 10:43:53 INFO  (Thread-346)] - Connect to socket server successfully!
[2025-05-23 10:43:53 INFO  (Thread-346)] - ████████╗ ██████╗ ██╗███████╗██╗  ██╗ █████╗ ██████╗ ███████╗
[2025-05-23 10:43:53 INFO  (Thread-346)] - ╚══██╔══╝██╔═══██╗██║██╔════╝╚██╗██╔╝██╔══██╗██╔══██╗██╔════╝
[2025-05-23 10:43:53 INFO  (Thread-346)] -    ██║   ██║   ██║██║█████╗   ╚███╔╝ ███████║██████╔╝█████╗  
[2025-05-23 10:43:53 INFO  (Thread-346)] -    ██║   ██║   ██║██║██╔══╝   ██╔██╗ ██╔══██║██╔═══╝ ██╔══╝  
[2025-05-23 10:43:53 INFO  (Thread-346)] -    ██║   ╚██████╔╝██║███████╗██╔╝ ██╗██║  ██║██║     ███████╗
[2025-05-23 10:43:53 INFO  (Thread-346)] -    ╚═╝    ╚═════╝ ╚═╝╚══════╝╚═╝  ╚═╝╚═╝  ╚═╝╚═╝     ╚══════╝
[2025-05-23 10:43:53 INFO  (Thread-346)] -                    © TOISHARE.US - CẤM SAO CHÉP
[2025-05-23 10:51:32 INFO  (main)] - Config - db.password: 
[2025-05-23 10:51:32 INFO  (main)] - Config - game.shinwa.fee: 5000
[2025-05-23 10:51:32 INFO  (main)] - Config - mongodb.password: 
[2025-05-23 10:51:32 INFO  (main)] - Config - server.log.display: false
[2025-05-23 10:51:32 INFO  (main)] - Config - mongodb.host: localhost
[2025-05-23 10:51:32 INFO  (main)] - Config - mongodb.port: 27017
[2025-05-23 10:51:32 INFO  (main)] - Config - db.user: root
[2025-05-23 10:51:32 INFO  (main)] - Config - game.quantity.display.max: 65535
[2025-05-23 10:51:32 INFO  (main)] - Config - game.data.version: 56
[2025-05-23 10:51:32 INFO  (main)] - Config - scheduledPoolSize: 20
[2025-05-23 10:51:32 INFO  (main)] - Config - db.port: 3306
[2025-05-23 10:51:32 INFO  (main)] - Config - server.port: 14444
[2025-05-23 10:51:32 INFO  (main)] - Config - db.minconnections: 15
[2025-05-23 10:51:32 INFO  (main)] - Config - websocket.host: ws://localhost
[2025-05-23 10:51:32 INFO  (main)] - Config - server.id: 1
[2025-05-23 10:51:32 INFO  (main)] - Config - game.shinwa.active: true
[2025-05-23 10:51:32 INFO  (main)] - Config - game.login.limit: 20
[2025-05-23 10:51:32 INFO  (main)] - Config - db.maxconnections: 20
[2025-05-23 10:51:32 INFO  (main)] - Config - game.item.version: 46
[2025-05-23 10:51:32 INFO  (main)] - Config - game.store.discount: 0
[2025-05-23 10:51:32 INFO  (main)] - Config - game.shinwa.player.max: 20
[2025-05-23 10:51:32 INFO  (main)] - Config - server.notification: Hellos
[2025-05-23 10:51:32 INFO  (main)] - Config - game.map.version: 36
[2025-05-23 10:51:32 INFO  (main)] - Config - ï»¿#Cau: hinh
[2025-05-23 10:51:32 INFO  (main)] - Config - mongodb.user: root
[2025-05-23 10:51:32 INFO  (main)] - Config - game.event: com.nsoz.event.LunarNewYear
[2025-05-23 10:51:32 INFO  (main)] - Config - game.shinwa.max: 10000
[2025-05-23 10:51:32 INFO  (main)] - Config - game.upgrade.percent.add: 0
[2025-05-23 10:51:32 INFO  (main)] - Config - websocket.port: 8020
[2025-05-23 10:51:32 INFO  (main)] - Config - db.driver: com.mysql.cj.jdbc.Driver
[2025-05-23 10:51:32 INFO  (main)] - Config - db.dbname: nsozace
[2025-05-23 10:51:32 INFO  (main)] - Config - threadPoolSize: 50
[2025-05-23 10:51:32 INFO  (main)] - Config - client.data.size.max: 1024
[2025-05-23 10:51:32 INFO  (main)] - Config - game.arena.active: true
[2025-05-23 10:51:32 INFO  (main)] - Config - db.host: localhost
[2025-05-23 10:51:32 INFO  (main)] - Config - game.skill.version: 35
[2025-05-23 10:51:32 INFO  (main)] - Config - game.EXP: 1
[2025-05-23 10:51:32 INFO  (main)] - Config - mongodb.dbname: admin
[2025-05-23 10:51:32 INFO  (main)] - DB Connection Pool has created.
[2025-05-23 10:51:35 INFO  (main)] - Loading list leader board
[2025-05-23 10:51:35 INFO  (main)] - Load list leader board successfully
[2025-05-23 10:51:35 INFO  (main)] - Loading clan data
[2025-05-23 10:51:35 INFO  (main)] - Load clan data successfully
[2025-05-23 10:51:35 INFO  (main)] - Load TDB
[2025-05-23 10:51:35 INFO  (main)] - load finish:Thiên bảng
[2025-05-23 10:51:35 INFO  (main)] - load finish:Địa bảng
[2025-05-23 10:51:35 INFO  (main)] - Load TDB successfully
[2025-05-23 10:51:35 INFO  (Ranked)] - Refresh ranked success.
[2025-05-23 10:51:35 INFO  (main)] - Tự động bảo trì 0h0
[2025-05-23 10:51:35 INFO  (main)] - Start socket post=14444
[2025-05-23 10:51:35 INFO  (main)] - Start server Success!
[2025-05-23 10:51:35 INFO  (Thread-346)] - Connect to socket server successfully!
[2025-05-23 10:51:35 INFO  (Thread-346)] - ████████╗ ██████╗ ██╗███████╗██╗  ██╗ █████╗ ██████╗ ███████╗
[2025-05-23 10:51:35 INFO  (Thread-346)] - ╚══██╔══╝██╔═══██╗██║██╔════╝╚██╗██╔╝██╔══██╗██╔══██╗██╔════╝
[2025-05-23 10:51:35 INFO  (Thread-346)] -    ██║   ██║   ██║██║█████╗   ╚███╔╝ ███████║██████╔╝█████╗  
[2025-05-23 10:51:35 INFO  (Thread-346)] -    ██║   ██║   ██║██║██╔══╝   ██╔██╗ ██╔══██║██╔═══╝ ██╔══╝  
[2025-05-23 10:51:35 INFO  (Thread-346)] -    ██║   ╚██████╔╝██║███████╗██╔╝ ██╗██║  ██║██║     ███████╗
[2025-05-23 10:51:35 INFO  (Thread-346)] -    ╚═╝    ╚═════╝ ╚═╝╚══════╝╚═╝  ╚═╝╚═╝  ╚═╝╚═╝     ╚══════╝
[2025-05-23 10:51:35 INFO  (Thread-346)] -                    © TOISHARE.US - CẤM SAO CHÉP
[2025-05-23 10:51:45 INFO  (main)] - Config - db.password: 
[2025-05-23 10:51:45 INFO  (main)] - Config - game.shinwa.fee: 5000
[2025-05-23 10:51:45 INFO  (main)] - Config - mongodb.password: 
[2025-05-23 10:51:45 INFO  (main)] - Config - server.log.display: false
[2025-05-23 10:51:45 INFO  (main)] - Config - mongodb.host: localhost
[2025-05-23 10:51:45 INFO  (main)] - Config - mongodb.port: 27017
[2025-05-23 10:51:45 INFO  (main)] - Config - db.user: root
[2025-05-23 10:51:45 INFO  (main)] - Config - game.quantity.display.max: 65535
[2025-05-23 10:51:45 INFO  (main)] - Config - game.data.version: 56
[2025-05-23 10:51:45 INFO  (main)] - Config - scheduledPoolSize: 20
[2025-05-23 10:51:45 INFO  (main)] - Config - db.port: 3306
[2025-05-23 10:51:45 INFO  (main)] - Config - server.port: 14444
[2025-05-23 10:51:45 INFO  (main)] - Config - db.minconnections: 15
[2025-05-23 10:51:45 INFO  (main)] - Config - websocket.host: ws://localhost
[2025-05-23 10:51:45 INFO  (main)] - Config - server.id: 1
[2025-05-23 10:51:45 INFO  (main)] - Config - game.shinwa.active: true
[2025-05-23 10:51:45 INFO  (main)] - Config - game.login.limit: 20
[2025-05-23 10:51:45 INFO  (main)] - Config - db.maxconnections: 20
[2025-05-23 10:51:45 INFO  (main)] - Config - game.item.version: 46
[2025-05-23 10:51:45 INFO  (main)] - Config - game.store.discount: 0
[2025-05-23 10:51:45 INFO  (main)] - Config - game.shinwa.player.max: 20
[2025-05-23 10:51:45 INFO  (main)] - Config - server.notification: Hellos
[2025-05-23 10:51:45 INFO  (main)] - Config - game.map.version: 36
[2025-05-23 10:51:45 INFO  (main)] - Config - ï»¿#Cau: hinh
[2025-05-23 10:51:45 INFO  (main)] - Config - mongodb.user: root
[2025-05-23 10:51:45 INFO  (main)] - Config - game.event: com.nsoz.event.LunarNewYear
[2025-05-23 10:51:45 INFO  (main)] - Config - game.shinwa.max: 10000
[2025-05-23 10:51:45 INFO  (main)] - Config - game.upgrade.percent.add: 0
[2025-05-23 10:51:45 INFO  (main)] - Config - websocket.port: 8020
[2025-05-23 10:51:45 INFO  (main)] - Config - db.driver: com.mysql.cj.jdbc.Driver
[2025-05-23 10:51:45 INFO  (main)] - Config - db.dbname: nsozace
[2025-05-23 10:51:45 INFO  (main)] - Config - threadPoolSize: 50
[2025-05-23 10:51:45 INFO  (main)] - Config - client.data.size.max: 1024
[2025-05-23 10:51:45 INFO  (main)] - Config - game.arena.active: true
[2025-05-23 10:51:45 INFO  (main)] - Config - db.host: localhost
[2025-05-23 10:51:45 INFO  (main)] - Config - game.skill.version: 35
[2025-05-23 10:51:45 INFO  (main)] - Config - game.EXP: 1
[2025-05-23 10:51:45 INFO  (main)] - Config - mongodb.dbname: admin
[2025-05-23 10:51:45 INFO  (main)] - DB Connection Pool has created.
[2025-05-23 10:51:47 INFO  (main)] - Loading list leader board
[2025-05-23 10:51:47 INFO  (main)] - Load list leader board successfully
[2025-05-23 10:51:47 INFO  (main)] - Loading clan data
[2025-05-23 10:51:47 INFO  (main)] - Load clan data successfully
[2025-05-23 10:51:47 INFO  (main)] - Load TDB
[2025-05-23 10:51:47 INFO  (main)] - load finish:Thiên bảng
[2025-05-23 10:51:47 INFO  (main)] - load finish:Địa bảng
[2025-05-23 10:51:47 INFO  (main)] - Load TDB successfully
[2025-05-23 10:51:47 INFO  (Ranked)] - Refresh ranked success.
[2025-05-23 10:51:48 INFO  (main)] - Tự động bảo trì 0h0
[2025-05-23 10:51:48 INFO  (main)] - Start socket post=14444
[2025-05-23 10:51:48 INFO  (main)] - Start server Success!
[2025-05-23 10:51:48 INFO  (Thread-346)] - Connect to socket server successfully!
[2025-05-23 10:51:48 INFO  (Thread-346)] - ████████╗ ██████╗ ██╗███████╗██╗  ██╗ █████╗ ██████╗ ███████╗
[2025-05-23 10:51:48 INFO  (Thread-346)] - ╚══██╔══╝██╔═══██╗██║██╔════╝╚██╗██╔╝██╔══██╗██╔══██╗██╔════╝
[2025-05-23 10:51:48 INFO  (Thread-346)] -    ██║   ██║   ██║██║█████╗   ╚███╔╝ ███████║██████╔╝█████╗  
[2025-05-23 10:51:48 INFO  (Thread-346)] -    ██║   ██║   ██║██║██╔══╝   ██╔██╗ ██╔══██║██╔═══╝ ██╔══╝  
[2025-05-23 10:51:48 INFO  (Thread-346)] -    ██║   ╚██████╔╝██║███████╗██╔╝ ██╗██║  ██║██║     ███████╗
[2025-05-23 10:51:48 INFO  (Thread-346)] -    ╚═╝    ╚═════╝ ╚═╝╚══════╝╚═╝  ╚═╝╚═╝  ╚═╝╚═╝     ╚══════╝
[2025-05-23 10:51:48 INFO  (Thread-346)] -                    © TOISHARE.US - CẤM SAO CHÉP
[2025-05-23 10:51:55 INFO  (main)] - Config - db.password: 
[2025-05-23 10:51:55 INFO  (main)] - Config - game.shinwa.fee: 5000
[2025-05-23 10:51:55 INFO  (main)] - Config - mongodb.password: 
[2025-05-23 10:51:55 INFO  (main)] - Config - server.log.display: false
[2025-05-23 10:51:55 INFO  (main)] - Config - mongodb.host: localhost
[2025-05-23 10:51:55 INFO  (main)] - Config - mongodb.port: 27017
[2025-05-23 10:51:55 INFO  (main)] - Config - db.user: root
[2025-05-23 10:51:55 INFO  (main)] - Config - game.quantity.display.max: 65535
[2025-05-23 10:51:55 INFO  (main)] - Config - game.data.version: 56
[2025-05-23 10:51:55 INFO  (main)] - Config - scheduledPoolSize: 20
[2025-05-23 10:51:55 INFO  (main)] - Config - db.port: 3306
[2025-05-23 10:51:55 INFO  (main)] - Config - server.port: 14444
[2025-05-23 10:51:55 INFO  (main)] - Config - db.minconnections: 15
[2025-05-23 10:51:55 INFO  (main)] - Config - websocket.host: ws://localhost
[2025-05-23 10:51:55 INFO  (main)] - Config - server.id: 1
[2025-05-23 10:51:55 INFO  (main)] - Config - game.shinwa.active: true
[2025-05-23 10:51:55 INFO  (main)] - Config - game.login.limit: 20
[2025-05-23 10:51:55 INFO  (main)] - Config - db.maxconnections: 20
[2025-05-23 10:51:55 INFO  (main)] - Config - game.item.version: 46
[2025-05-23 10:51:55 INFO  (main)] - Config - game.store.discount: 0
[2025-05-23 10:51:55 INFO  (main)] - Config - game.shinwa.player.max: 20
[2025-05-23 10:51:55 INFO  (main)] - Config - server.notification: Hellos
[2025-05-23 10:51:55 INFO  (main)] - Config - game.map.version: 36
[2025-05-23 10:51:55 INFO  (main)] - Config - ï»¿#Cau: hinh
[2025-05-23 10:51:55 INFO  (main)] - Config - mongodb.user: root
[2025-05-23 10:51:55 INFO  (main)] - Config - game.event: com.nsoz.event.LunarNewYear
[2025-05-23 10:51:55 INFO  (main)] - Config - game.shinwa.max: 10000
[2025-05-23 10:51:55 INFO  (main)] - Config - game.upgrade.percent.add: 0
[2025-05-23 10:51:55 INFO  (main)] - Config - websocket.port: 8020
[2025-05-23 10:51:55 INFO  (main)] - Config - db.driver: com.mysql.cj.jdbc.Driver
[2025-05-23 10:51:55 INFO  (main)] - Config - db.dbname: nsozace
[2025-05-23 10:51:55 INFO  (main)] - Config - threadPoolSize: 50
[2025-05-23 10:51:55 INFO  (main)] - Config - client.data.size.max: 1024
[2025-05-23 10:51:55 INFO  (main)] - Config - game.arena.active: true
[2025-05-23 10:51:55 INFO  (main)] - Config - db.host: localhost
[2025-05-23 10:51:55 INFO  (main)] - Config - game.skill.version: 35
[2025-05-23 10:51:55 INFO  (main)] - Config - game.EXP: 1
[2025-05-23 10:51:55 INFO  (main)] - Config - mongodb.dbname: admin
[2025-05-23 10:51:55 INFO  (main)] - DB Connection Pool has created.
[2025-05-23 10:51:58 INFO  (main)] - Loading list leader board
[2025-05-23 10:51:58 INFO  (main)] - Load list leader board successfully
[2025-05-23 10:51:58 INFO  (main)] - Loading clan data
[2025-05-23 10:51:58 INFO  (main)] - Load clan data successfully
[2025-05-23 10:51:58 INFO  (main)] - Load TDB
[2025-05-23 10:51:58 INFO  (main)] - load finish:Thiên bảng
[2025-05-23 10:51:58 INFO  (main)] - load finish:Địa bảng
[2025-05-23 10:51:58 INFO  (main)] - Load TDB successfully
[2025-05-23 10:51:58 INFO  (Ranked)] - Refresh ranked success.
[2025-05-23 10:51:58 INFO  (main)] - Tự động bảo trì 0h0
[2025-05-23 10:51:58 INFO  (main)] - Start socket post=14444
[2025-05-23 10:51:58 INFO  (main)] - Start server Success!
[2025-05-23 10:51:58 INFO  (Thread-346)] - Connect to socket server successfully!
[2025-05-23 10:51:58 INFO  (Thread-346)] - ████████╗ ██████╗ ██╗███████╗██╗  ██╗ █████╗ ██████╗ ███████╗
[2025-05-23 10:51:58 INFO  (Thread-346)] - ╚══██╔══╝██╔═══██╗██║██╔════╝╚██╗██╔╝██╔══██╗██╔══██╗██╔════╝
[2025-05-23 10:51:58 INFO  (Thread-346)] -    ██║   ██║   ██║██║█████╗   ╚███╔╝ ███████║██████╔╝█████╗  
[2025-05-23 10:51:58 INFO  (Thread-346)] -    ██║   ██║   ██║██║██╔══╝   ██╔██╗ ██╔══██║██╔═══╝ ██╔══╝  
[2025-05-23 10:51:58 INFO  (Thread-346)] -    ██║   ╚██████╔╝██║███████╗██╔╝ ██╗██║  ██║██║     ███████╗
[2025-05-23 10:51:58 INFO  (Thread-346)] -    ╚═╝    ╚═════╝ ╚═╝╚══════╝╚═╝  ╚═╝╚═╝  ╚═╝╚═╝     ╚══════╝
[2025-05-23 10:51:58 INFO  (Thread-346)] -                    © TOISHARE.US - CẤM SAO CHÉP
[2025-05-23 10:52:57 INFO  (main)] - Config - db.password: 
[2025-05-23 10:52:57 INFO  (main)] - Config - game.shinwa.fee: 5000
[2025-05-23 10:52:57 INFO  (main)] - Config - mongodb.password: 
[2025-05-23 10:52:57 INFO  (main)] - Config - server.log.display: false
[2025-05-23 10:52:57 INFO  (main)] - Config - mongodb.host: localhost
[2025-05-23 10:52:57 INFO  (main)] - Config - mongodb.port: 27017
[2025-05-23 10:52:57 INFO  (main)] - Config - db.user: root
[2025-05-23 10:52:57 INFO  (main)] - Config - game.quantity.display.max: 65535
[2025-05-23 10:52:57 INFO  (main)] - Config - game.data.version: 56
[2025-05-23 10:52:57 INFO  (main)] - Config - scheduledPoolSize: 20
[2025-05-23 10:52:57 INFO  (main)] - Config - db.port: 3306
[2025-05-23 10:52:57 INFO  (main)] - Config - server.port: 14444
[2025-05-23 10:52:57 INFO  (main)] - Config - db.minconnections: 15
[2025-05-23 10:52:57 INFO  (main)] - Config - websocket.host: ws://localhost
[2025-05-23 10:52:57 INFO  (main)] - Config - server.id: 1
[2025-05-23 10:52:57 INFO  (main)] - Config - game.shinwa.active: true
[2025-05-23 10:52:57 INFO  (main)] - Config - game.login.limit: 20
[2025-05-23 10:52:57 INFO  (main)] - Config - db.maxconnections: 20
[2025-05-23 10:52:57 INFO  (main)] - Config - game.item.version: 46
[2025-05-23 10:52:57 INFO  (main)] - Config - game.store.discount: 0
[2025-05-23 10:52:57 INFO  (main)] - Config - game.shinwa.player.max: 20
[2025-05-23 10:52:57 INFO  (main)] - Config - server.notification: Hellos
[2025-05-23 10:52:57 INFO  (main)] - Config - game.map.version: 36
[2025-05-23 10:52:57 INFO  (main)] - Config - ï»¿#Cau: hinh
[2025-05-23 10:52:57 INFO  (main)] - Config - mongodb.user: root
[2025-05-23 10:52:57 INFO  (main)] - Config - game.event: com.nsoz.event.LunarNewYear
[2025-05-23 10:52:57 INFO  (main)] - Config - game.shinwa.max: 10000
[2025-05-23 10:52:57 INFO  (main)] - Config - game.upgrade.percent.add: 0
[2025-05-23 10:52:57 INFO  (main)] - Config - websocket.port: 8020
[2025-05-23 10:52:57 INFO  (main)] - Config - db.driver: com.mysql.cj.jdbc.Driver
[2025-05-23 10:52:57 INFO  (main)] - Config - db.dbname: nsozace
[2025-05-23 10:52:57 INFO  (main)] - Config - threadPoolSize: 50
[2025-05-23 10:52:57 INFO  (main)] - Config - client.data.size.max: 1024
[2025-05-23 10:52:57 INFO  (main)] - Config - game.arena.active: true
[2025-05-23 10:52:57 INFO  (main)] - Config - db.host: localhost
[2025-05-23 10:52:57 INFO  (main)] - Config - game.skill.version: 35
[2025-05-23 10:52:57 INFO  (main)] - Config - game.EXP: 1
[2025-05-23 10:52:57 INFO  (main)] - Config - mongodb.dbname: admin
[2025-05-23 10:52:57 INFO  (main)] - DB Connection Pool has created.
[2025-05-23 10:53:00 INFO  (main)] - Loading list leader board
[2025-05-23 10:53:00 INFO  (main)] - Load list leader board successfully
[2025-05-23 10:53:00 INFO  (main)] - Loading clan data
[2025-05-23 10:53:00 INFO  (main)] - Load clan data successfully
[2025-05-23 10:53:00 INFO  (main)] - Load TDB
[2025-05-23 10:53:00 INFO  (main)] - load finish:Thiên bảng
[2025-05-23 10:53:00 INFO  (main)] - load finish:Địa bảng
[2025-05-23 10:53:00 INFO  (main)] - Load TDB successfully
[2025-05-23 10:53:00 INFO  (Ranked)] - Refresh ranked success.
[2025-05-23 10:53:00 INFO  (main)] - Tự động bảo trì 0h0
[2025-05-23 10:53:00 INFO  (main)] - Start socket post=14444
[2025-05-23 10:53:00 INFO  (main)] - Start server Success!
[2025-05-23 10:53:00 INFO  (Thread-346)] - Connect to socket server successfully!
[2025-05-23 10:54:23 INFO  (main)] - Config - db.password: 
[2025-05-23 10:54:23 INFO  (main)] - Config - game.shinwa.fee: 5000
[2025-05-23 10:54:23 INFO  (main)] - Config - mongodb.password: 
[2025-05-23 10:54:23 INFO  (main)] - Config - server.log.display: false
[2025-05-23 10:54:23 INFO  (main)] - Config - mongodb.host: localhost
[2025-05-23 10:54:23 INFO  (main)] - Config - mongodb.port: 27017
[2025-05-23 10:54:23 INFO  (main)] - Config - db.user: root
[2025-05-23 10:54:23 INFO  (main)] - Config - game.quantity.display.max: 65535
[2025-05-23 10:54:23 INFO  (main)] - Config - game.data.version: 56
[2025-05-23 10:54:23 INFO  (main)] - Config - scheduledPoolSize: 20
[2025-05-23 10:54:23 INFO  (main)] - Config - db.port: 3306
[2025-05-23 10:54:23 INFO  (main)] - Config - server.port: 14444
[2025-05-23 10:54:23 INFO  (main)] - Config - db.minconnections: 15
[2025-05-23 10:54:23 INFO  (main)] - Config - websocket.host: ws://localhost
[2025-05-23 10:54:23 INFO  (main)] - Config - server.id: 1
[2025-05-23 10:54:23 INFO  (main)] - Config - game.shinwa.active: true
[2025-05-23 10:54:23 INFO  (main)] - Config - game.login.limit: 20
[2025-05-23 10:54:23 INFO  (main)] - Config - db.maxconnections: 20
[2025-05-23 10:54:23 INFO  (main)] - Config - game.item.version: 46
[2025-05-23 10:54:23 INFO  (main)] - Config - game.store.discount: 0
[2025-05-23 10:54:23 INFO  (main)] - Config - game.shinwa.player.max: 20
[2025-05-23 10:54:23 INFO  (main)] - Config - server.notification: Hellos
[2025-05-23 10:54:23 INFO  (main)] - Config - game.map.version: 36
[2025-05-23 10:54:23 INFO  (main)] - Config - ï»¿#Cau: hinh
[2025-05-23 10:54:23 INFO  (main)] - Config - mongodb.user: root
[2025-05-23 10:54:23 INFO  (main)] - Config - game.event: com.nsoz.event.LunarNewYear
[2025-05-23 10:54:23 INFO  (main)] - Config - game.shinwa.max: 10000
[2025-05-23 10:54:23 INFO  (main)] - Config - game.upgrade.percent.add: 0
[2025-05-23 10:54:23 INFO  (main)] - Config - websocket.port: 8020
[2025-05-23 10:54:23 INFO  (main)] - Config - db.driver: com.mysql.cj.jdbc.Driver
[2025-05-23 10:54:23 INFO  (main)] - Config - db.dbname: nsozace
[2025-05-23 10:54:23 INFO  (main)] - Config - threadPoolSize: 50
[2025-05-23 10:54:23 INFO  (main)] - Config - client.data.size.max: 1024
[2025-05-23 10:54:23 INFO  (main)] - Config - game.arena.active: true
[2025-05-23 10:54:23 INFO  (main)] - Config - db.host: localhost
[2025-05-23 10:54:23 INFO  (main)] - Config - game.skill.version: 35
[2025-05-23 10:54:23 INFO  (main)] - Config - game.EXP: 1
[2025-05-23 10:54:23 INFO  (main)] - Config - mongodb.dbname: admin
[2025-05-23 10:54:23 INFO  (main)] - DB Connection Pool has created.
[2025-05-23 10:54:25 INFO  (main)] - Loading list leader board
[2025-05-23 10:54:25 INFO  (main)] - Load list leader board successfully
[2025-05-23 10:54:26 INFO  (main)] - Loading clan data
[2025-05-23 10:54:26 INFO  (main)] - Load clan data successfully
[2025-05-23 10:54:26 INFO  (main)] - Load TDB
[2025-05-23 10:54:26 INFO  (main)] - load finish:Thiên bảng
[2025-05-23 10:54:26 INFO  (main)] - load finish:Địa bảng
[2025-05-23 10:54:26 INFO  (main)] - Load TDB successfully
[2025-05-23 10:54:26 INFO  (Ranked)] - Refresh ranked success.
[2025-05-23 10:54:26 INFO  (main)] - Tự động bảo trì 0h0
[2025-05-23 10:54:26 INFO  (main)] - Start socket post=14444
[2025-05-23 10:54:26 INFO  (main)] - Start server Success!
[2025-05-23 10:54:26 INFO  (Thread-346)] - Connect to socket server successfully!
[2025-05-23 10:56:53 INFO  (main)] - Config - db.password: 
[2025-05-23 10:56:53 INFO  (main)] - Config - game.shinwa.fee: 5000
[2025-05-23 10:56:53 INFO  (main)] - Config - mongodb.password: 
[2025-05-23 10:56:53 INFO  (main)] - Config - server.log.display: false
[2025-05-23 10:56:53 INFO  (main)] - Config - mongodb.host: localhost
[2025-05-23 10:56:53 INFO  (main)] - Config - mongodb.port: 27017
[2025-05-23 10:56:53 INFO  (main)] - Config - db.user: root
[2025-05-23 10:56:53 INFO  (main)] - Config - game.quantity.display.max: 65535
[2025-05-23 10:56:53 INFO  (main)] - Config - game.data.version: 56
[2025-05-23 10:56:53 INFO  (main)] - Config - scheduledPoolSize: 20
[2025-05-23 10:56:53 INFO  (main)] - Config - db.port: 3306
[2025-05-23 10:56:53 INFO  (main)] - Config - server.port: 14444
[2025-05-23 10:56:53 INFO  (main)] - Config - db.minconnections: 15
[2025-05-23 10:56:53 INFO  (main)] - Config - websocket.host: ws://localhost
[2025-05-23 10:56:53 INFO  (main)] - Config - server.id: 1
[2025-05-23 10:56:53 INFO  (main)] - Config - game.shinwa.active: true
[2025-05-23 10:56:53 INFO  (main)] - Config - game.login.limit: 20
[2025-05-23 10:56:53 INFO  (main)] - Config - db.maxconnections: 20
[2025-05-23 10:56:53 INFO  (main)] - Config - game.item.version: 46
[2025-05-23 10:56:53 INFO  (main)] - Config - game.store.discount: 0
[2025-05-23 10:56:53 INFO  (main)] - Config - game.shinwa.player.max: 20
[2025-05-23 10:56:53 INFO  (main)] - Config - server.notification: Hellos
[2025-05-23 10:56:53 INFO  (main)] - Config - game.map.version: 36
[2025-05-23 10:56:53 INFO  (main)] - Config - ï»¿#Cau: hinh
[2025-05-23 10:56:53 INFO  (main)] - Config - mongodb.user: root
[2025-05-23 10:56:53 INFO  (main)] - Config - game.event: com.nsoz.event.LunarNewYear
[2025-05-23 10:56:53 INFO  (main)] - Config - game.shinwa.max: 10000
[2025-05-23 10:56:53 INFO  (main)] - Config - game.upgrade.percent.add: 0
[2025-05-23 10:56:53 INFO  (main)] - Config - websocket.port: 8020
[2025-05-23 10:56:53 INFO  (main)] - Config - db.driver: com.mysql.cj.jdbc.Driver
[2025-05-23 10:56:53 INFO  (main)] - Config - db.dbname: nsozace
[2025-05-23 10:56:53 INFO  (main)] - Config - threadPoolSize: 50
[2025-05-23 10:56:53 INFO  (main)] - Config - client.data.size.max: 1024
[2025-05-23 10:56:53 INFO  (main)] - Config - game.arena.active: true
[2025-05-23 10:56:53 INFO  (main)] - Config - db.host: localhost
[2025-05-23 10:56:53 INFO  (main)] - Config - game.skill.version: 35
[2025-05-23 10:56:53 INFO  (main)] - Config - game.EXP: 1
[2025-05-23 10:56:53 INFO  (main)] - Config - mongodb.dbname: admin
[2025-05-23 10:56:53 INFO  (main)] - DB Connection Pool has created.
[2025-05-23 10:56:55 INFO  (main)] - Loading list leader board
[2025-05-23 10:56:55 INFO  (main)] - Load list leader board successfully
[2025-05-23 10:56:55 INFO  (main)] - Loading clan data
[2025-05-23 10:56:55 INFO  (main)] - Load clan data successfully
[2025-05-23 10:56:55 INFO  (main)] - Load TDB
[2025-05-23 10:56:55 INFO  (main)] - load finish:Thiên bảng
[2025-05-23 10:56:55 INFO  (main)] - load finish:Địa bảng
[2025-05-23 10:56:55 INFO  (main)] - Load TDB successfully
[2025-05-23 10:56:55 INFO  (Ranked)] - Refresh ranked success.
[2025-05-23 10:56:57 INFO  (main)] - Tự động bảo trì 0h0
[2025-05-23 10:56:57 INFO  (main)] - Start socket post=14444
[2025-05-23 10:56:57 INFO  (main)] - Start server Success!
[2025-05-23 10:56:57 INFO  (Thread-346)] - Connect to socket server successfully!
[2025-05-23 11:00:22 INFO  (main)] - Config - db.password: 
[2025-05-23 11:00:22 INFO  (main)] - Config - game.shinwa.fee: 5000
[2025-05-23 11:00:22 INFO  (main)] - Config - mongodb.password: 
[2025-05-23 11:00:22 INFO  (main)] - Config - server.log.display: false
[2025-05-23 11:00:22 INFO  (main)] - Config - mongodb.host: localhost
[2025-05-23 11:00:22 INFO  (main)] - Config - mongodb.port: 27017
[2025-05-23 11:00:22 INFO  (main)] - Config - db.user: root
[2025-05-23 11:00:22 INFO  (main)] - Config - game.quantity.display.max: 65535
[2025-05-23 11:00:22 INFO  (main)] - Config - game.data.version: 56
[2025-05-23 11:00:22 INFO  (main)] - Config - scheduledPoolSize: 20
[2025-05-23 11:00:22 INFO  (main)] - Config - db.port: 3306
[2025-05-23 11:00:22 INFO  (main)] - Config - server.port: 14444
[2025-05-23 11:00:22 INFO  (main)] - Config - db.minconnections: 15
[2025-05-23 11:00:22 INFO  (main)] - Config - websocket.host: ws://localhost
[2025-05-23 11:00:22 INFO  (main)] - Config - server.id: 1
[2025-05-23 11:00:22 INFO  (main)] - Config - game.shinwa.active: true
[2025-05-23 11:00:22 INFO  (main)] - Config - game.login.limit: 20
[2025-05-23 11:00:22 INFO  (main)] - Config - db.maxconnections: 20
[2025-05-23 11:00:22 INFO  (main)] - Config - game.item.version: 46
[2025-05-23 11:00:22 INFO  (main)] - Config - game.store.discount: 0
[2025-05-23 11:00:22 INFO  (main)] - Config - game.shinwa.player.max: 20
[2025-05-23 11:00:22 INFO  (main)] - Config - server.notification: Hellos
[2025-05-23 11:00:22 INFO  (main)] - Config - game.map.version: 36
[2025-05-23 11:00:22 INFO  (main)] - Config - ï»¿#Cau: hinh
[2025-05-23 11:00:22 INFO  (main)] - Config - mongodb.user: root
[2025-05-23 11:00:22 INFO  (main)] - Config - game.event: com.nsoz.event.LunarNewYear
[2025-05-23 11:00:22 INFO  (main)] - Config - game.shinwa.max: 10000
[2025-05-23 11:00:22 INFO  (main)] - Config - game.upgrade.percent.add: 0
[2025-05-23 11:00:22 INFO  (main)] - Config - websocket.port: 8020
[2025-05-23 11:00:22 INFO  (main)] - Config - db.driver: com.mysql.cj.jdbc.Driver
[2025-05-23 11:00:22 INFO  (main)] - Config - db.dbname: nsozace
[2025-05-23 11:00:22 INFO  (main)] - Config - threadPoolSize: 50
[2025-05-23 11:00:22 INFO  (main)] - Config - client.data.size.max: 1024
[2025-05-23 11:00:22 INFO  (main)] - Config - game.arena.active: true
[2025-05-23 11:00:22 INFO  (main)] - Config - db.host: localhost
[2025-05-23 11:00:22 INFO  (main)] - Config - game.skill.version: 35
[2025-05-23 11:00:22 INFO  (main)] - Config - game.EXP: 1
[2025-05-23 11:00:22 INFO  (main)] - Config - mongodb.dbname: admin
[2025-05-23 11:00:23 INFO  (main)] - DB Connection Pool has created.
[2025-05-23 11:00:25 INFO  (main)] - Loading list leader board
[2025-05-23 11:00:25 INFO  (main)] - Load list leader board successfully
[2025-05-23 11:00:25 INFO  (main)] - Loading clan data
[2025-05-23 11:00:25 INFO  (main)] - Load clan data successfully
[2025-05-23 11:00:25 INFO  (main)] - Load TDB
[2025-05-23 11:00:25 INFO  (main)] - load finish:Thiên bảng
[2025-05-23 11:00:25 INFO  (main)] - load finish:Địa bảng
[2025-05-23 11:00:25 INFO  (main)] - Load TDB successfully
[2025-05-23 11:00:25 INFO  (Ranked)] - Refresh ranked success.
[2025-05-23 11:00:25 INFO  (main)] - Tự động bảo trì 0h0
[2025-05-23 11:00:25 INFO  (main)] - Start socket post=14444
[2025-05-23 11:00:25 INFO  (main)] - Start server Success!
[2025-05-23 11:00:25 INFO  (Thread-346)] - Connect to socket server successfully!
[2025-05-23 11:16:01 INFO  (main)] - Config - db.password: 
[2025-05-23 11:16:01 INFO  (main)] - Config - game.shinwa.fee: 5000
[2025-05-23 11:16:01 INFO  (main)] - Config - mongodb.password: 
[2025-05-23 11:16:01 INFO  (main)] - Config - server.log.display: false
[2025-05-23 11:16:01 INFO  (main)] - Config - mongodb.host: localhost
[2025-05-23 11:16:01 INFO  (main)] - Config - mongodb.port: 27017
[2025-05-23 11:16:01 INFO  (main)] - Config - db.user: root
[2025-05-23 11:16:01 INFO  (main)] - Config - game.quantity.display.max: 65535
[2025-05-23 11:16:01 INFO  (main)] - Config - game.data.version: 56
[2025-05-23 11:16:01 INFO  (main)] - Config - scheduledPoolSize: 20
[2025-05-23 11:16:01 INFO  (main)] - Config - db.port: 3306
[2025-05-23 11:16:01 INFO  (main)] - Config - server.port: 14444
[2025-05-23 11:16:01 INFO  (main)] - Config - db.minconnections: 15
[2025-05-23 11:16:01 INFO  (main)] - Config - websocket.host: ws://localhost
[2025-05-23 11:16:01 INFO  (main)] - Config - server.id: 1
[2025-05-23 11:16:01 INFO  (main)] - Config - game.shinwa.active: true
[2025-05-23 11:16:01 INFO  (main)] - Config - game.login.limit: 20
[2025-05-23 11:16:01 INFO  (main)] - Config - db.maxconnections: 20
[2025-05-23 11:16:01 INFO  (main)] - Config - game.item.version: 46
[2025-05-23 11:16:01 INFO  (main)] - Config - game.store.discount: 0
[2025-05-23 11:16:01 INFO  (main)] - Config - game.shinwa.player.max: 20
[2025-05-23 11:16:01 INFO  (main)] - Config - server.notification: Hellos
[2025-05-23 11:16:01 INFO  (main)] - Config - game.map.version: 36
[2025-05-23 11:16:01 INFO  (main)] - Config - ï»¿#Cau: hinh
[2025-05-23 11:16:01 INFO  (main)] - Config - mongodb.user: root
[2025-05-23 11:16:01 INFO  (main)] - Config - game.event: com.nsoz.event.LunarNewYear
[2025-05-23 11:16:01 INFO  (main)] - Config - game.shinwa.max: 10000
[2025-05-23 11:16:01 INFO  (main)] - Config - game.upgrade.percent.add: 0
[2025-05-23 11:16:01 INFO  (main)] - Config - websocket.port: 8020
[2025-05-23 11:16:01 INFO  (main)] - Config - db.driver: com.mysql.cj.jdbc.Driver
[2025-05-23 11:16:01 INFO  (main)] - Config - db.dbname: nsozace
[2025-05-23 11:16:01 INFO  (main)] - Config - threadPoolSize: 50
[2025-05-23 11:16:01 INFO  (main)] - Config - client.data.size.max: 1024
[2025-05-23 11:16:01 INFO  (main)] - Config - game.arena.active: true
[2025-05-23 11:16:01 INFO  (main)] - Config - db.host: localhost
[2025-05-23 11:16:01 INFO  (main)] - Config - game.skill.version: 35
[2025-05-23 11:16:01 INFO  (main)] - Config - game.EXP: 1
[2025-05-23 11:16:01 INFO  (main)] - Config - mongodb.dbname: admin
[2025-05-23 11:16:01 INFO  (main)] - DB Connection Pool has created.
[2025-05-23 11:16:05 INFO  (main)] - Loading list leader board
[2025-05-23 11:16:05 INFO  (main)] - Load list leader board successfully
[2025-05-23 11:16:05 INFO  (main)] - Loading clan data
[2025-05-23 11:16:05 INFO  (main)] - Load clan data successfully
[2025-05-23 11:16:05 INFO  (main)] - Load TDB
[2025-05-23 11:16:05 INFO  (main)] - load finish:Thiên bảng
[2025-05-23 11:16:05 INFO  (main)] - load finish:Địa bảng
[2025-05-23 11:16:05 INFO  (main)] - Load TDB successfully
[2025-05-23 11:16:05 INFO  (Ranked)] - Refresh ranked success.
[2025-05-23 11:16:05 INFO  (main)] - Tự động bảo trì 0h0
[2025-05-23 11:16:05 INFO  (main)] - Start socket post=14444
[2025-05-23 11:16:05 INFO  (main)] - Start server Success!
[2025-05-23 11:16:05 INFO  (Thread-346)] - Connect to socket server successfully!
[2025-05-23 11:16:58 INFO  (main)] - Config - db.password: 
[2025-05-23 11:16:58 INFO  (main)] - Config - game.shinwa.fee: 5000
[2025-05-23 11:16:58 INFO  (main)] - Config - mongodb.password: 
[2025-05-23 11:16:58 INFO  (main)] - Config - server.log.display: false
[2025-05-23 11:16:58 INFO  (main)] - Config - mongodb.host: localhost
[2025-05-23 11:16:58 INFO  (main)] - Config - mongodb.port: 27017
[2025-05-23 11:16:58 INFO  (main)] - Config - db.user: root
[2025-05-23 11:16:58 INFO  (main)] - Config - game.quantity.display.max: 65535
[2025-05-23 11:16:58 INFO  (main)] - Config - game.data.version: 56
[2025-05-23 11:16:58 INFO  (main)] - Config - scheduledPoolSize: 20
[2025-05-23 11:16:58 INFO  (main)] - Config - db.port: 3306
[2025-05-23 11:16:58 INFO  (main)] - Config - server.port: 14444
[2025-05-23 11:16:58 INFO  (main)] - Config - db.minconnections: 15
[2025-05-23 11:16:58 INFO  (main)] - Config - websocket.host: ws://localhost
[2025-05-23 11:16:58 INFO  (main)] - Config - server.id: 1
[2025-05-23 11:16:58 INFO  (main)] - Config - game.shinwa.active: true
[2025-05-23 11:16:58 INFO  (main)] - Config - game.login.limit: 20
[2025-05-23 11:16:58 INFO  (main)] - Config - db.maxconnections: 20
[2025-05-23 11:16:58 INFO  (main)] - Config - game.item.version: 46
[2025-05-23 11:16:58 INFO  (main)] - Config - game.store.discount: 0
[2025-05-23 11:16:58 INFO  (main)] - Config - game.shinwa.player.max: 20
[2025-05-23 11:16:58 INFO  (main)] - Config - server.notification: Hellos
[2025-05-23 11:16:58 INFO  (main)] - Config - game.map.version: 36
[2025-05-23 11:16:58 INFO  (main)] - Config - ï»¿#Cau: hinh
[2025-05-23 11:16:58 INFO  (main)] - Config - mongodb.user: root
[2025-05-23 11:16:58 INFO  (main)] - Config - game.event: com.nsoz.event.LunarNewYear
[2025-05-23 11:16:58 INFO  (main)] - Config - game.shinwa.max: 10000
[2025-05-23 11:16:58 INFO  (main)] - Config - game.upgrade.percent.add: 0
[2025-05-23 11:16:58 INFO  (main)] - Config - websocket.port: 8020
[2025-05-23 11:16:58 INFO  (main)] - Config - db.driver: com.mysql.cj.jdbc.Driver
[2025-05-23 11:16:58 INFO  (main)] - Config - db.dbname: nsozace
[2025-05-23 11:16:58 INFO  (main)] - Config - threadPoolSize: 50
[2025-05-23 11:16:58 INFO  (main)] - Config - client.data.size.max: 1024
[2025-05-23 11:16:58 INFO  (main)] - Config - game.arena.active: true
[2025-05-23 11:16:58 INFO  (main)] - Config - db.host: localhost
[2025-05-23 11:16:58 INFO  (main)] - Config - game.skill.version: 35
[2025-05-23 11:16:58 INFO  (main)] - Config - game.EXP: 1
[2025-05-23 11:16:58 INFO  (main)] - Config - mongodb.dbname: admin
[2025-05-23 11:16:58 INFO  (main)] - DB Connection Pool has created.
[2025-05-23 11:17:08 INFO  (main)] - Config - db.password: 
[2025-05-23 11:17:08 INFO  (main)] - Config - game.shinwa.fee: 5000
[2025-05-23 11:17:08 INFO  (main)] - Config - mongodb.password: 
[2025-05-23 11:17:08 INFO  (main)] - Config - server.log.display: false
[2025-05-23 11:17:08 INFO  (main)] - Config - mongodb.host: localhost
[2025-05-23 11:17:08 INFO  (main)] - Config - mongodb.port: 27017
[2025-05-23 11:17:08 INFO  (main)] - Config - db.user: root
[2025-05-23 11:17:08 INFO  (main)] - Config - game.quantity.display.max: 65535
[2025-05-23 11:17:08 INFO  (main)] - Config - game.data.version: 56
[2025-05-23 11:17:08 INFO  (main)] - Config - scheduledPoolSize: 20
[2025-05-23 11:17:08 INFO  (main)] - Config - db.port: 3306
[2025-05-23 11:17:08 INFO  (main)] - Config - server.port: 14444
[2025-05-23 11:17:08 INFO  (main)] - Config - db.minconnections: 15
[2025-05-23 11:17:08 INFO  (main)] - Config - websocket.host: ws://localhost
[2025-05-23 11:17:08 INFO  (main)] - Config - server.id: 1
[2025-05-23 11:17:08 INFO  (main)] - Config - game.shinwa.active: true
[2025-05-23 11:17:08 INFO  (main)] - Config - game.login.limit: 20
[2025-05-23 11:17:08 INFO  (main)] - Config - db.maxconnections: 20
[2025-05-23 11:17:08 INFO  (main)] - Config - game.item.version: 46
[2025-05-23 11:17:08 INFO  (main)] - Config - game.store.discount: 0
[2025-05-23 11:17:08 INFO  (main)] - Config - game.shinwa.player.max: 20
[2025-05-23 11:17:08 INFO  (main)] - Config - server.notification: Hellos
[2025-05-23 11:17:08 INFO  (main)] - Config - game.map.version: 36
[2025-05-23 11:17:08 INFO  (main)] - Config - ï»¿#Cau: hinh
[2025-05-23 11:17:08 INFO  (main)] - Config - mongodb.user: root
[2025-05-23 11:17:08 INFO  (main)] - Config - game.event: com.nsoz.event.LunarNewYear
[2025-05-23 11:17:08 INFO  (main)] - Config - game.shinwa.max: 10000
[2025-05-23 11:17:08 INFO  (main)] - Config - game.upgrade.percent.add: 0
[2025-05-23 11:17:08 INFO  (main)] - Config - websocket.port: 8020
[2025-05-23 11:17:08 INFO  (main)] - Config - db.driver: com.mysql.cj.jdbc.Driver
[2025-05-23 11:17:08 INFO  (main)] - Config - db.dbname: nsozace
[2025-05-23 11:17:08 INFO  (main)] - Config - threadPoolSize: 50
[2025-05-23 11:17:08 INFO  (main)] - Config - client.data.size.max: 1024
[2025-05-23 11:17:08 INFO  (main)] - Config - game.arena.active: true
[2025-05-23 11:17:08 INFO  (main)] - Config - db.host: localhost
[2025-05-23 11:17:08 INFO  (main)] - Config - game.skill.version: 35
[2025-05-23 11:17:08 INFO  (main)] - Config - game.EXP: 1
[2025-05-23 11:17:08 INFO  (main)] - Config - mongodb.dbname: admin
[2025-05-23 11:17:08 INFO  (main)] - DB Connection Pool has created.
[2025-05-23 11:17:11 INFO  (main)] - Loading list leader board
[2025-05-23 11:17:11 INFO  (main)] - Load list leader board successfully
[2025-05-23 11:17:11 INFO  (main)] - Loading clan data
[2025-05-23 11:17:11 INFO  (main)] - Load clan data successfully
[2025-05-23 11:17:11 INFO  (main)] - Load TDB
[2025-05-23 11:17:11 INFO  (main)] - load finish:Thiên bảng
[2025-05-23 11:17:11 INFO  (main)] - load finish:Địa bảng
[2025-05-23 11:17:11 INFO  (main)] - Load TDB successfully
[2025-05-23 11:17:11 INFO  (Ranked)] - Refresh ranked success.
[2025-05-23 11:17:11 INFO  (main)] - Tự động bảo trì 0h0
[2025-05-23 11:17:11 INFO  (main)] - Start socket post=14444
[2025-05-23 11:17:11 INFO  (main)] - Start server Success!
[2025-05-23 11:17:11 INFO  (Thread-346)] - Connect to socket server successfully!
[2025-05-23 11:17:50 INFO  (main)] - Config - db.password: 
[2025-05-23 11:17:50 INFO  (main)] - Config - game.shinwa.fee: 5000
[2025-05-23 11:17:50 INFO  (main)] - Config - mongodb.password: 
[2025-05-23 11:17:50 INFO  (main)] - Config - server.log.display: false
[2025-05-23 11:17:50 INFO  (main)] - Config - mongodb.host: localhost
[2025-05-23 11:17:50 INFO  (main)] - Config - mongodb.port: 27017
[2025-05-23 11:17:50 INFO  (main)] - Config - db.user: root
[2025-05-23 11:17:50 INFO  (main)] - Config - game.quantity.display.max: 65535
[2025-05-23 11:17:50 INFO  (main)] - Config - game.data.version: 56
[2025-05-23 11:17:50 INFO  (main)] - Config - scheduledPoolSize: 20
[2025-05-23 11:17:50 INFO  (main)] - Config - db.port: 3306
[2025-05-23 11:17:50 INFO  (main)] - Config - server.port: 14444
[2025-05-23 11:17:50 INFO  (main)] - Config - db.minconnections: 15
[2025-05-23 11:17:50 INFO  (main)] - Config - websocket.host: ws://localhost
[2025-05-23 11:17:50 INFO  (main)] - Config - server.id: 1
[2025-05-23 11:17:50 INFO  (main)] - Config - game.shinwa.active: true
[2025-05-23 11:17:50 INFO  (main)] - Config - game.login.limit: 20
[2025-05-23 11:17:50 INFO  (main)] - Config - db.maxconnections: 20
[2025-05-23 11:17:50 INFO  (main)] - Config - game.item.version: 46
[2025-05-23 11:17:50 INFO  (main)] - Config - game.store.discount: 0
[2025-05-23 11:17:50 INFO  (main)] - Config - game.shinwa.player.max: 20
[2025-05-23 11:17:50 INFO  (main)] - Config - server.notification: Hellos
[2025-05-23 11:17:50 INFO  (main)] - Config - game.map.version: 36
[2025-05-23 11:17:50 INFO  (main)] - Config - ï»¿#Cau: hinh
[2025-05-23 11:17:50 INFO  (main)] - Config - mongodb.user: root
[2025-05-23 11:17:50 INFO  (main)] - Config - game.event: com.nsoz.event.LunarNewYear
[2025-05-23 11:17:50 INFO  (main)] - Config - game.shinwa.max: 10000
[2025-05-23 11:17:50 INFO  (main)] - Config - game.upgrade.percent.add: 0
[2025-05-23 11:17:50 INFO  (main)] - Config - websocket.port: 8020
[2025-05-23 11:17:50 INFO  (main)] - Config - db.driver: com.mysql.cj.jdbc.Driver
[2025-05-23 11:17:50 INFO  (main)] - Config - db.dbname: nsozace
[2025-05-23 11:17:50 INFO  (main)] - Config - threadPoolSize: 50
[2025-05-23 11:17:50 INFO  (main)] - Config - client.data.size.max: 1024
[2025-05-23 11:17:50 INFO  (main)] - Config - game.arena.active: true
[2025-05-23 11:17:50 INFO  (main)] - Config - db.host: localhost
[2025-05-23 11:17:50 INFO  (main)] - Config - game.skill.version: 35
[2025-05-23 11:17:50 INFO  (main)] - Config - game.EXP: 1
[2025-05-23 11:17:50 INFO  (main)] - Config - mongodb.dbname: admin
[2025-05-23 11:17:50 INFO  (main)] - DB Connection Pool has created.
[2025-05-23 11:17:53 INFO  (main)] - Loading list leader board
[2025-05-23 11:17:53 INFO  (main)] - Load list leader board successfully
[2025-05-23 11:17:53 INFO  (main)] - Loading clan data
[2025-05-23 11:17:53 INFO  (main)] - Load clan data successfully
[2025-05-23 11:17:53 INFO  (main)] - Load TDB
[2025-05-23 11:17:53 INFO  (main)] - load finish:Thiên bảng
[2025-05-23 11:17:53 INFO  (main)] - load finish:Địa bảng
[2025-05-23 11:17:53 INFO  (main)] - Load TDB successfully
[2025-05-23 11:17:53 INFO  (Ranked)] - Refresh ranked success.
[2025-05-23 11:17:53 INFO  (main)] - Tự động bảo trì 0h0
[2025-05-23 11:17:53 INFO  (main)] - Start socket post=14444
[2025-05-23 11:17:53 INFO  (main)] - Start server Success!
[2025-05-23 11:17:53 INFO  (Thread-346)] - Connect to socket server successfully!
[2025-05-23 11:20:32 INFO  (main)] - Config - db.password: 
[2025-05-23 11:20:32 INFO  (main)] - Config - game.shinwa.fee: 5000
[2025-05-23 11:20:32 INFO  (main)] - Config - mongodb.password: 
[2025-05-23 11:20:32 INFO  (main)] - Config - server.log.display: false
[2025-05-23 11:20:32 INFO  (main)] - Config - mongodb.host: localhost
[2025-05-23 11:20:32 INFO  (main)] - Config - mongodb.port: 27017
[2025-05-23 11:20:32 INFO  (main)] - Config - db.user: root
[2025-05-23 11:20:32 INFO  (main)] - Config - game.quantity.display.max: 65535
[2025-05-23 11:20:32 INFO  (main)] - Config - game.data.version: 56
[2025-05-23 11:20:32 INFO  (main)] - Config - scheduledPoolSize: 20
[2025-05-23 11:20:32 INFO  (main)] - Config - db.port: 3306
[2025-05-23 11:20:32 INFO  (main)] - Config - server.port: 14444
[2025-05-23 11:20:32 INFO  (main)] - Config - db.minconnections: 15
[2025-05-23 11:20:32 INFO  (main)] - Config - websocket.host: ws://localhost
[2025-05-23 11:20:32 INFO  (main)] - Config - server.id: 1
[2025-05-23 11:20:32 INFO  (main)] - Config - game.shinwa.active: true
[2025-05-23 11:20:32 INFO  (main)] - Config - game.login.limit: 20
[2025-05-23 11:20:32 INFO  (main)] - Config - db.maxconnections: 20
[2025-05-23 11:20:32 INFO  (main)] - Config - game.item.version: 46
[2025-05-23 11:20:32 INFO  (main)] - Config - game.store.discount: 0
[2025-05-23 11:20:32 INFO  (main)] - Config - game.shinwa.player.max: 20
[2025-05-23 11:20:32 INFO  (main)] - Config - server.notification: Hellos
[2025-05-23 11:20:32 INFO  (main)] - Config - game.map.version: 36
[2025-05-23 11:20:32 INFO  (main)] - Config - ï»¿#Cau: hinh
[2025-05-23 11:20:32 INFO  (main)] - Config - mongodb.user: root
[2025-05-23 11:20:32 INFO  (main)] - Config - game.event: com.nsoz.event.LunarNewYear
[2025-05-23 11:20:32 INFO  (main)] - Config - game.shinwa.max: 10000
[2025-05-23 11:20:32 INFO  (main)] - Config - game.upgrade.percent.add: 0
[2025-05-23 11:20:32 INFO  (main)] - Config - websocket.port: 8020
[2025-05-23 11:20:32 INFO  (main)] - Config - db.driver: com.mysql.cj.jdbc.Driver
[2025-05-23 11:20:32 INFO  (main)] - Config - db.dbname: nsozace
[2025-05-23 11:20:32 INFO  (main)] - Config - threadPoolSize: 50
[2025-05-23 11:20:32 INFO  (main)] - Config - client.data.size.max: 1024
[2025-05-23 11:20:32 INFO  (main)] - Config - game.arena.active: true
[2025-05-23 11:20:32 INFO  (main)] - Config - db.host: localhost
[2025-05-23 11:20:32 INFO  (main)] - Config - game.skill.version: 35
[2025-05-23 11:20:32 INFO  (main)] - Config - game.EXP: 1
[2025-05-23 11:20:32 INFO  (main)] - Config - mongodb.dbname: admin
[2025-05-23 11:20:32 INFO  (main)] - DB Connection Pool has created.
[2025-05-23 11:20:53 INFO  (main)] - Config - db.password: 
[2025-05-23 11:20:53 INFO  (main)] - Config - game.shinwa.fee: 5000
[2025-05-23 11:20:53 INFO  (main)] - Config - mongodb.password: 
[2025-05-23 11:20:53 INFO  (main)] - Config - server.log.display: false
[2025-05-23 11:20:53 INFO  (main)] - Config - mongodb.host: localhost
[2025-05-23 11:20:53 INFO  (main)] - Config - mongodb.port: 27017
[2025-05-23 11:20:53 INFO  (main)] - Config - db.user: root
[2025-05-23 11:20:53 INFO  (main)] - Config - game.quantity.display.max: 65535
[2025-05-23 11:20:53 INFO  (main)] - Config - game.data.version: 56
[2025-05-23 11:20:53 INFO  (main)] - Config - scheduledPoolSize: 20
[2025-05-23 11:20:53 INFO  (main)] - Config - db.port: 3306
[2025-05-23 11:20:53 INFO  (main)] - Config - server.port: 14444
[2025-05-23 11:20:53 INFO  (main)] - Config - db.minconnections: 15
[2025-05-23 11:20:53 INFO  (main)] - Config - websocket.host: ws://localhost
[2025-05-23 11:20:53 INFO  (main)] - Config - server.id: 1
[2025-05-23 11:20:53 INFO  (main)] - Config - game.shinwa.active: true
[2025-05-23 11:20:53 INFO  (main)] - Config - game.login.limit: 20
[2025-05-23 11:20:53 INFO  (main)] - Config - db.maxconnections: 20
[2025-05-23 11:20:53 INFO  (main)] - Config - game.item.version: 46
[2025-05-23 11:20:53 INFO  (main)] - Config - game.store.discount: 0
[2025-05-23 11:20:53 INFO  (main)] - Config - game.shinwa.player.max: 20
[2025-05-23 11:20:53 INFO  (main)] - Config - server.notification: Hellos
[2025-05-23 11:20:53 INFO  (main)] - Config - game.map.version: 36
[2025-05-23 11:20:53 INFO  (main)] - Config - ï»¿#Cau: hinh
[2025-05-23 11:20:53 INFO  (main)] - Config - mongodb.user: root
[2025-05-23 11:20:53 INFO  (main)] - Config - game.event: com.nsoz.event.LunarNewYear
[2025-05-23 11:20:53 INFO  (main)] - Config - game.shinwa.max: 10000
[2025-05-23 11:20:53 INFO  (main)] - Config - game.upgrade.percent.add: 0
[2025-05-23 11:20:53 INFO  (main)] - Config - websocket.port: 8020
[2025-05-23 11:20:53 INFO  (main)] - Config - db.driver: com.mysql.cj.jdbc.Driver
[2025-05-23 11:20:53 INFO  (main)] - Config - db.dbname: nsozace
[2025-05-23 11:20:53 INFO  (main)] - Config - threadPoolSize: 50
[2025-05-23 11:20:53 INFO  (main)] - Config - client.data.size.max: 1024
[2025-05-23 11:20:53 INFO  (main)] - Config - game.arena.active: true
[2025-05-23 11:20:53 INFO  (main)] - Config - db.host: localhost
[2025-05-23 11:20:53 INFO  (main)] - Config - game.skill.version: 35
[2025-05-23 11:20:53 INFO  (main)] - Config - game.EXP: 1
[2025-05-23 11:20:53 INFO  (main)] - Config - mongodb.dbname: admin
[2025-05-23 11:20:53 INFO  (main)] - DB Connection Pool has created.
[2025-05-23 11:20:55 INFO  (main)] - Loading list leader board
[2025-05-23 11:20:55 INFO  (main)] - Load list leader board successfully
[2025-05-23 11:20:55 INFO  (main)] - Loading clan data
[2025-05-23 11:20:55 INFO  (main)] - Load clan data successfully
[2025-05-23 11:20:55 INFO  (main)] - Load TDB
[2025-05-23 11:20:55 INFO  (main)] - load finish:Thiên bảng
[2025-05-23 11:20:55 INFO  (main)] - load finish:Địa bảng
[2025-05-23 11:20:55 INFO  (main)] - Load TDB successfully
[2025-05-23 11:20:55 INFO  (Ranked)] - Refresh ranked success.
[2025-05-23 11:20:55 INFO  (main)] - Tự động bảo trì 0h0
[2025-05-23 11:20:55 INFO  (main)] - Start socket post=14444
[2025-05-23 11:20:55 INFO  (main)] - Start server Success!
[2025-05-23 11:20:55 INFO  (Thread-346)] - Connect to socket server successfully!
[2025-05-23 11:37:08 INFO  (main)] - Config - db.password: 
[2025-05-23 11:37:08 INFO  (main)] - Config - game.shinwa.fee: 5000
[2025-05-23 11:37:08 INFO  (main)] - Config - mongodb.password: 
[2025-05-23 11:37:08 INFO  (main)] - Config - server.log.display: false
[2025-05-23 11:37:08 INFO  (main)] - Config - mongodb.host: localhost
[2025-05-23 11:37:08 INFO  (main)] - Config - mongodb.port: 27017
[2025-05-23 11:37:08 INFO  (main)] - Config - db.user: root
[2025-05-23 11:37:08 INFO  (main)] - Config - game.quantity.display.max: 65535
[2025-05-23 11:37:08 INFO  (main)] - Config - game.data.version: 56
[2025-05-23 11:37:08 INFO  (main)] - Config - scheduledPoolSize: 20
[2025-05-23 11:37:08 INFO  (main)] - Config - db.port: 3306
[2025-05-23 11:37:08 INFO  (main)] - Config - server.port: 14444
[2025-05-23 11:37:08 INFO  (main)] - Config - db.minconnections: 15
[2025-05-23 11:37:08 INFO  (main)] - Config - websocket.host: ws://localhost
[2025-05-23 11:37:08 INFO  (main)] - Config - server.id: 1
[2025-05-23 11:37:08 INFO  (main)] - Config - game.shinwa.active: true
[2025-05-23 11:37:08 INFO  (main)] - Config - game.login.limit: 20
[2025-05-23 11:37:08 INFO  (main)] - Config - db.maxconnections: 20
[2025-05-23 11:37:08 INFO  (main)] - Config - game.item.version: 46
[2025-05-23 11:37:08 INFO  (main)] - Config - game.store.discount: 0
[2025-05-23 11:37:08 INFO  (main)] - Config - game.shinwa.player.max: 20
[2025-05-23 11:37:08 INFO  (main)] - Config - server.notification: Hellos
[2025-05-23 11:37:08 INFO  (main)] - Config - game.map.version: 36
[2025-05-23 11:37:08 INFO  (main)] - Config - ï»¿#Cau: hinh
[2025-05-23 11:37:08 INFO  (main)] - Config - mongodb.user: root
[2025-05-23 11:37:08 INFO  (main)] - Config - game.event: com.nsoz.event.LunarNewYear
[2025-05-23 11:37:08 INFO  (main)] - Config - game.shinwa.max: 10000
[2025-05-23 11:37:08 INFO  (main)] - Config - game.upgrade.percent.add: 0
[2025-05-23 11:37:08 INFO  (main)] - Config - websocket.port: 8020
[2025-05-23 11:37:08 INFO  (main)] - Config - db.driver: com.mysql.cj.jdbc.Driver
[2025-05-23 11:37:08 INFO  (main)] - Config - db.dbname: nsozace
[2025-05-23 11:37:08 INFO  (main)] - Config - threadPoolSize: 50
[2025-05-23 11:37:08 INFO  (main)] - Config - client.data.size.max: 1024
[2025-05-23 11:37:08 INFO  (main)] - Config - game.arena.active: true
[2025-05-23 11:37:08 INFO  (main)] - Config - db.host: localhost
[2025-05-23 11:37:08 INFO  (main)] - Config - game.skill.version: 35
[2025-05-23 11:37:08 INFO  (main)] - Config - game.EXP: 1
[2025-05-23 11:37:08 INFO  (main)] - Config - mongodb.dbname: admin
[2025-05-23 11:37:08 INFO  (main)] - DB Connection Pool has created.
[2025-05-23 11:37:11 INFO  (main)] - Loading list leader board
[2025-05-23 11:37:11 INFO  (main)] - Load list leader board successfully
[2025-05-23 11:37:11 INFO  (main)] - Loading clan data
[2025-05-23 11:37:11 INFO  (main)] - Load clan data successfully
[2025-05-23 11:37:11 INFO  (main)] - Load TDB
[2025-05-23 11:37:11 INFO  (main)] - load finish:Thiên bảng
[2025-05-23 11:37:11 INFO  (main)] - load finish:Địa bảng
[2025-05-23 11:37:11 INFO  (main)] - Load TDB successfully
[2025-05-23 11:37:11 INFO  (Ranked)] - Refresh ranked success.
[2025-05-23 11:37:11 INFO  (main)] - Tự động bảo trì 0h0
[2025-05-23 11:37:11 INFO  (main)] - Start socket post=14444
[2025-05-23 11:37:11 INFO  (main)] - Start server Success!
[2025-05-23 11:37:11 INFO  (Thread-346)] - Connect to socket server successfully!
[2025-05-23 18:45:42 INFO  (main)] - Config - db.password: 
[2025-05-23 18:45:42 INFO  (main)] - Config - game.shinwa.fee: 5000
[2025-05-23 18:45:42 INFO  (main)] - Config - mongodb.password: 
[2025-05-23 18:45:42 INFO  (main)] - Config - server.log.display: false
[2025-05-23 18:45:42 INFO  (main)] - Config - mongodb.host: localhost
[2025-05-23 18:45:42 INFO  (main)] - Config - mongodb.port: 27017
[2025-05-23 18:45:42 INFO  (main)] - Config - db.user: root
[2025-05-23 18:45:42 INFO  (main)] - Config - game.quantity.display.max: 65535
[2025-05-23 18:45:42 INFO  (main)] - Config - game.data.version: 56
[2025-05-23 18:45:42 INFO  (main)] - Config - scheduledPoolSize: 20
[2025-05-23 18:45:42 INFO  (main)] - Config - db.port: 3306
[2025-05-23 18:45:42 INFO  (main)] - Config - server.port: 14444
[2025-05-23 18:45:42 INFO  (main)] - Config - db.minconnections: 15
[2025-05-23 18:45:42 INFO  (main)] - Config - websocket.host: ws://localhost
[2025-05-23 18:45:42 INFO  (main)] - Config - server.id: 1
[2025-05-23 18:45:42 INFO  (main)] - Config - game.shinwa.active: true
[2025-05-23 18:45:42 INFO  (main)] - Config - game.login.limit: 20
[2025-05-23 18:45:42 INFO  (main)] - Config - db.maxconnections: 20
[2025-05-23 18:45:42 INFO  (main)] - Config - game.item.version: 46
[2025-05-23 18:45:42 INFO  (main)] - Config - game.store.discount: 0
[2025-05-23 18:45:42 INFO  (main)] - Config - game.shinwa.player.max: 20
[2025-05-23 18:45:42 INFO  (main)] - Config - server.notification: Hellos
[2025-05-23 18:45:42 INFO  (main)] - Config - game.map.version: 36
[2025-05-23 18:45:42 INFO  (main)] - Config - ï»¿#Cau: hinh
[2025-05-23 18:45:42 INFO  (main)] - Config - mongodb.user: root
[2025-05-23 18:45:42 INFO  (main)] - Config - game.event: com.nsoz.event.LunarNewYear
[2025-05-23 18:45:42 INFO  (main)] - Config - game.shinwa.max: 10000
[2025-05-23 18:45:42 INFO  (main)] - Config - game.upgrade.percent.add: 0
[2025-05-23 18:45:42 INFO  (main)] - Config - websocket.port: 8020
[2025-05-23 18:45:42 INFO  (main)] - Config - db.driver: com.mysql.cj.jdbc.Driver
[2025-05-23 18:45:42 INFO  (main)] - Config - db.dbname: nsozace
[2025-05-23 18:45:42 INFO  (main)] - Config - threadPoolSize: 50
[2025-05-23 18:45:42 INFO  (main)] - Config - client.data.size.max: 1024
[2025-05-23 18:45:42 INFO  (main)] - Config - game.arena.active: true
[2025-05-23 18:45:42 INFO  (main)] - Config - db.host: localhost
[2025-05-23 18:45:42 INFO  (main)] - Config - game.skill.version: 35
[2025-05-23 18:45:42 INFO  (main)] - Config - game.EXP: 1
[2025-05-23 18:45:42 INFO  (main)] - Config - mongodb.dbname: admin
[2025-05-23 18:45:42 INFO  (main)] - DB Connection Pool has created.
[2025-05-23 18:45:45 INFO  (main)] - Loading list leader board
[2025-05-23 18:45:45 INFO  (main)] - Load list leader board successfully
[2025-05-23 18:45:45 INFO  (main)] - Loading clan data
[2025-05-23 18:45:45 INFO  (main)] - Load clan data successfully
[2025-05-23 18:45:45 INFO  (main)] - Load TDB
[2025-05-23 18:45:45 INFO  (main)] - load finish:Thiên bảng
[2025-05-23 18:45:45 INFO  (main)] - load finish:Địa bảng
[2025-05-23 18:45:45 INFO  (main)] - Load TDB successfully
[2025-05-23 18:45:45 INFO  (Ranked)] - Refresh ranked success.
[2025-05-23 18:45:45 INFO  (main)] - Tự động bảo trì 0h0
[2025-05-23 18:45:45 INFO  (main)] - Start socket post=14444
[2025-05-23 18:45:45 INFO  (Thread-346)] - Connect to socket server successfully!
[2025-05-23 18:45:45 INFO  (main)] - Start server Success!
[2025-05-23 18:46:04 INFO  (main)] - Config - db.password: 
[2025-05-23 18:46:04 INFO  (main)] - Config - game.shinwa.fee: 5000
[2025-05-23 18:46:04 INFO  (main)] - Config - mongodb.password: 
[2025-05-23 18:46:04 INFO  (main)] - Config - server.log.display: false
[2025-05-23 18:46:04 INFO  (main)] - Config - mongodb.host: localhost
[2025-05-23 18:46:04 INFO  (main)] - Config - mongodb.port: 27017
[2025-05-23 18:46:04 INFO  (main)] - Config - db.user: root
[2025-05-23 18:46:04 INFO  (main)] - Config - game.quantity.display.max: 65535
[2025-05-23 18:46:04 INFO  (main)] - Config - game.data.version: 56
[2025-05-23 18:46:04 INFO  (main)] - Config - scheduledPoolSize: 20
[2025-05-23 18:46:04 INFO  (main)] - Config - db.port: 3306
[2025-05-23 18:46:04 INFO  (main)] - Config - server.port: 14444
[2025-05-23 18:46:04 INFO  (main)] - Config - db.minconnections: 15
[2025-05-23 18:46:04 INFO  (main)] - Config - websocket.host: ws://localhost
[2025-05-23 18:46:04 INFO  (main)] - Config - server.id: 1
[2025-05-23 18:46:04 INFO  (main)] - Config - game.shinwa.active: true
[2025-05-23 18:46:04 INFO  (main)] - Config - game.login.limit: 20
[2025-05-23 18:46:04 INFO  (main)] - Config - db.maxconnections: 20
[2025-05-23 18:46:04 INFO  (main)] - Config - game.item.version: 46
[2025-05-23 18:46:04 INFO  (main)] - Config - game.store.discount: 0
[2025-05-23 18:46:04 INFO  (main)] - Config - game.shinwa.player.max: 20
[2025-05-23 18:46:04 INFO  (main)] - Config - server.notification: Hellos
[2025-05-23 18:46:04 INFO  (main)] - Config - game.map.version: 36
[2025-05-23 18:46:04 INFO  (main)] - Config - ï»¿#Cau: hinh
[2025-05-23 18:46:04 INFO  (main)] - Config - mongodb.user: root
[2025-05-23 18:46:04 INFO  (main)] - Config - game.event: com.nsoz.event.LunarNewYear
[2025-05-23 18:46:04 INFO  (main)] - Config - game.shinwa.max: 10000
[2025-05-23 18:46:04 INFO  (main)] - Config - game.upgrade.percent.add: 0
[2025-05-23 18:46:04 INFO  (main)] - Config - websocket.port: 8020
[2025-05-23 18:46:04 INFO  (main)] - Config - db.driver: com.mysql.cj.jdbc.Driver
[2025-05-23 18:46:04 INFO  (main)] - Config - db.dbname: nsozace
[2025-05-23 18:46:04 INFO  (main)] - Config - threadPoolSize: 50
[2025-05-23 18:46:04 INFO  (main)] - Config - client.data.size.max: 1024
[2025-05-23 18:46:04 INFO  (main)] - Config - game.arena.active: true
[2025-05-23 18:46:04 INFO  (main)] - Config - db.host: localhost
[2025-05-23 18:46:04 INFO  (main)] - Config - game.skill.version: 35
[2025-05-23 18:46:04 INFO  (main)] - Config - game.EXP: 1
[2025-05-23 18:46:04 INFO  (main)] - Config - mongodb.dbname: admin
[2025-05-23 18:46:04 INFO  (main)] - DB Connection Pool has created.
[2025-05-23 18:46:07 INFO  (main)] - Loading list leader board
[2025-05-23 18:46:07 INFO  (main)] - Load list leader board successfully
[2025-05-23 18:46:07 INFO  (main)] - Loading clan data
[2025-05-23 18:46:07 INFO  (main)] - Load clan data successfully
[2025-05-23 18:46:07 INFO  (main)] - Load TDB
[2025-05-23 18:46:07 INFO  (main)] - load finish:Thiên bảng
[2025-05-23 18:46:07 INFO  (main)] - load finish:Địa bảng
[2025-05-23 18:46:07 INFO  (main)] - Load TDB successfully
[2025-05-23 18:46:07 INFO  (Ranked)] - Refresh ranked success.
[2025-05-23 18:46:07 INFO  (main)] - Tự động bảo trì 0h0
[2025-05-23 18:46:07 INFO  (main)] - Start socket post=14444
[2025-05-23 18:46:07 INFO  (main)] - Start server Success!
[2025-05-23 18:46:07 INFO  (Thread-346)] - Connect to socket server successfully!
[2025-05-23 18:48:17 INFO  (main)] - Config - db.password: 
[2025-05-23 18:48:17 INFO  (main)] - Config - game.shinwa.fee: 5000
[2025-05-23 18:48:17 INFO  (main)] - Config - mongodb.password: 
[2025-05-23 18:48:17 INFO  (main)] - Config - server.log.display: false
[2025-05-23 18:48:17 INFO  (main)] - Config - mongodb.host: localhost
[2025-05-23 18:48:17 INFO  (main)] - Config - mongodb.port: 27017
[2025-05-23 18:48:17 INFO  (main)] - Config - db.user: root
[2025-05-23 18:48:17 INFO  (main)] - Config - game.quantity.display.max: 65535
[2025-05-23 18:48:17 INFO  (main)] - Config - game.data.version: 56
[2025-05-23 18:48:17 INFO  (main)] - Config - scheduledPoolSize: 20
[2025-05-23 18:48:17 INFO  (main)] - Config - db.port: 3306
[2025-05-23 18:48:17 INFO  (main)] - Config - server.port: 14444
[2025-05-23 18:48:17 INFO  (main)] - Config - db.minconnections: 15
[2025-05-23 18:48:17 INFO  (main)] - Config - websocket.host: ws://localhost
[2025-05-23 18:48:17 INFO  (main)] - Config - server.id: 1
[2025-05-23 18:48:17 INFO  (main)] - Config - game.shinwa.active: true
[2025-05-23 18:48:17 INFO  (main)] - Config - game.login.limit: 20
[2025-05-23 18:48:17 INFO  (main)] - Config - db.maxconnections: 20
[2025-05-23 18:48:17 INFO  (main)] - Config - game.item.version: 46
[2025-05-23 18:48:17 INFO  (main)] - Config - game.store.discount: 0
[2025-05-23 18:48:17 INFO  (main)] - Config - game.shinwa.player.max: 20
[2025-05-23 18:48:17 INFO  (main)] - Config - server.notification: Hellos
[2025-05-23 18:48:17 INFO  (main)] - Config - game.map.version: 36
[2025-05-23 18:48:17 INFO  (main)] - Config - ï»¿#Cau: hinh
[2025-05-23 18:48:17 INFO  (main)] - Config - mongodb.user: root
[2025-05-23 18:48:17 INFO  (main)] - Config - game.event: com.nsoz.event.LunarNewYear
[2025-05-23 18:48:17 INFO  (main)] - Config - game.shinwa.max: 10000
[2025-05-23 18:48:17 INFO  (main)] - Config - game.upgrade.percent.add: 0
[2025-05-23 18:48:17 INFO  (main)] - Config - websocket.port: 8020
[2025-05-23 18:48:17 INFO  (main)] - Config - db.driver: com.mysql.cj.jdbc.Driver
[2025-05-23 18:48:17 INFO  (main)] - Config - db.dbname: nsozace
[2025-05-23 18:48:17 INFO  (main)] - Config - threadPoolSize: 50
[2025-05-23 18:48:17 INFO  (main)] - Config - client.data.size.max: 1024
[2025-05-23 18:48:17 INFO  (main)] - Config - game.arena.active: true
[2025-05-23 18:48:17 INFO  (main)] - Config - db.host: localhost
[2025-05-23 18:48:17 INFO  (main)] - Config - game.skill.version: 35
[2025-05-23 18:48:17 INFO  (main)] - Config - game.EXP: 1
[2025-05-23 18:48:17 INFO  (main)] - Config - mongodb.dbname: admin
[2025-05-23 18:48:17 INFO  (main)] - DB Connection Pool has created.
[2025-05-23 18:48:21 INFO  (main)] - Loading list leader board
[2025-05-23 18:48:21 INFO  (main)] - Load list leader board successfully
[2025-05-23 18:48:21 INFO  (main)] - Loading clan data
[2025-05-23 18:48:21 INFO  (main)] - Load clan data successfully
[2025-05-23 18:48:21 INFO  (main)] - Load TDB
[2025-05-23 18:48:21 INFO  (main)] - load finish:Thiên bảng
[2025-05-23 18:48:21 INFO  (main)] - load finish:Địa bảng
[2025-05-23 18:48:21 INFO  (main)] - Load TDB successfully
[2025-05-23 18:48:21 INFO  (Ranked)] - Refresh ranked success.
[2025-05-23 18:48:21 INFO  (main)] - Tự động bảo trì 0h0
[2025-05-23 18:48:21 INFO  (main)] - Start socket post=14444
[2025-05-23 18:48:21 INFO  (main)] - Start server Success!
[2025-05-23 18:48:21 INFO  (Thread-346)] - Connect to socket server successfully!
[2025-05-23 18:48:29 INFO  (main)] - Config - db.password: 
[2025-05-23 18:48:29 INFO  (main)] - Config - game.shinwa.fee: 5000
[2025-05-23 18:48:29 INFO  (main)] - Config - mongodb.password: 
[2025-05-23 18:48:29 INFO  (main)] - Config - server.log.display: false
[2025-05-23 18:48:29 INFO  (main)] - Config - mongodb.host: localhost
[2025-05-23 18:48:29 INFO  (main)] - Config - mongodb.port: 27017
[2025-05-23 18:48:29 INFO  (main)] - Config - db.user: root
[2025-05-23 18:48:29 INFO  (main)] - Config - game.quantity.display.max: 65535
[2025-05-23 18:48:29 INFO  (main)] - Config - game.data.version: 56
[2025-05-23 18:48:29 INFO  (main)] - Config - scheduledPoolSize: 20
[2025-05-23 18:48:29 INFO  (main)] - Config - db.port: 3306
[2025-05-23 18:48:29 INFO  (main)] - Config - server.port: 14444
[2025-05-23 18:48:29 INFO  (main)] - Config - db.minconnections: 15
[2025-05-23 18:48:29 INFO  (main)] - Config - websocket.host: ws://localhost
[2025-05-23 18:48:29 INFO  (main)] - Config - server.id: 1
[2025-05-23 18:48:29 INFO  (main)] - Config - game.shinwa.active: true
[2025-05-23 18:48:29 INFO  (main)] - Config - game.login.limit: 20
[2025-05-23 18:48:29 INFO  (main)] - Config - db.maxconnections: 20
[2025-05-23 18:48:29 INFO  (main)] - Config - game.item.version: 46
[2025-05-23 18:48:29 INFO  (main)] - Config - game.store.discount: 0
[2025-05-23 18:48:29 INFO  (main)] - Config - game.shinwa.player.max: 20
[2025-05-23 18:48:29 INFO  (main)] - Config - server.notification: Hellos
[2025-05-23 18:48:29 INFO  (main)] - Config - game.map.version: 36
[2025-05-23 18:48:29 INFO  (main)] - Config - ï»¿#Cau: hinh
[2025-05-23 18:48:29 INFO  (main)] - Config - mongodb.user: root
[2025-05-23 18:48:29 INFO  (main)] - Config - game.event: com.nsoz.event.LunarNewYear
[2025-05-23 18:48:29 INFO  (main)] - Config - game.shinwa.max: 10000
[2025-05-23 18:48:29 INFO  (main)] - Config - game.upgrade.percent.add: 0
[2025-05-23 18:48:29 INFO  (main)] - Config - websocket.port: 8020
[2025-05-23 18:48:29 INFO  (main)] - Config - db.driver: com.mysql.cj.jdbc.Driver
[2025-05-23 18:48:29 INFO  (main)] - Config - db.dbname: nsozace
[2025-05-23 18:48:29 INFO  (main)] - Config - threadPoolSize: 50
[2025-05-23 18:48:29 INFO  (main)] - Config - client.data.size.max: 1024
[2025-05-23 18:48:29 INFO  (main)] - Config - game.arena.active: true
[2025-05-23 18:48:29 INFO  (main)] - Config - db.host: localhost
[2025-05-23 18:48:29 INFO  (main)] - Config - game.skill.version: 35
[2025-05-23 18:48:29 INFO  (main)] - Config - game.EXP: 1
[2025-05-23 18:48:29 INFO  (main)] - Config - mongodb.dbname: admin
[2025-05-23 18:48:29 INFO  (main)] - DB Connection Pool has created.
[2025-05-23 18:48:31 INFO  (main)] - Loading list leader board
[2025-05-23 18:48:31 INFO  (main)] - Load list leader board successfully
[2025-05-23 18:48:31 INFO  (main)] - Loading clan data
[2025-05-23 18:48:31 INFO  (main)] - Load clan data successfully
[2025-05-23 18:48:31 INFO  (main)] - Load TDB
[2025-05-23 18:48:31 INFO  (main)] - load finish:Thiên bảng
[2025-05-23 18:48:31 INFO  (main)] - load finish:Địa bảng
[2025-05-23 18:48:31 INFO  (main)] - Load TDB successfully
[2025-05-23 18:48:31 INFO  (Ranked)] - Refresh ranked success.
[2025-05-23 18:48:32 INFO  (main)] - Tự động bảo trì 0h0
[2025-05-23 18:48:32 INFO  (main)] - Start socket post=14444
[2025-05-23 18:48:32 INFO  (main)] - Start server Success!
[2025-05-23 18:48:32 INFO  (Thread-346)] - Connect to socket server successfully!
[2025-05-23 18:49:02 INFO  (main)] - Config - db.password: 
[2025-05-23 18:49:02 INFO  (main)] - Config - game.shinwa.fee: 5000
[2025-05-23 18:49:02 INFO  (main)] - Config - mongodb.password: 
[2025-05-23 18:49:02 INFO  (main)] - Config - server.log.display: false
[2025-05-23 18:49:02 INFO  (main)] - Config - mongodb.host: localhost
[2025-05-23 18:49:02 INFO  (main)] - Config - mongodb.port: 27017
[2025-05-23 18:49:02 INFO  (main)] - Config - db.user: root
[2025-05-23 18:49:02 INFO  (main)] - Config - game.quantity.display.max: 65535
[2025-05-23 18:49:02 INFO  (main)] - Config - game.data.version: 56
[2025-05-23 18:49:02 INFO  (main)] - Config - scheduledPoolSize: 20
[2025-05-23 18:49:02 INFO  (main)] - Config - db.port: 3306
[2025-05-23 18:49:02 INFO  (main)] - Config - server.port: 14444
[2025-05-23 18:49:02 INFO  (main)] - Config - db.minconnections: 15
[2025-05-23 18:49:02 INFO  (main)] - Config - websocket.host: ws://localhost
[2025-05-23 18:49:02 INFO  (main)] - Config - server.id: 1
[2025-05-23 18:49:02 INFO  (main)] - Config - game.shinwa.active: true
[2025-05-23 18:49:02 INFO  (main)] - Config - game.login.limit: 20
[2025-05-23 18:49:02 INFO  (main)] - Config - db.maxconnections: 20
[2025-05-23 18:49:02 INFO  (main)] - Config - game.item.version: 46
[2025-05-23 18:49:02 INFO  (main)] - Config - game.store.discount: 0
[2025-05-23 18:49:02 INFO  (main)] - Config - game.shinwa.player.max: 20
[2025-05-23 18:49:02 INFO  (main)] - Config - server.notification: Hellos
[2025-05-23 18:49:02 INFO  (main)] - Config - game.map.version: 36
[2025-05-23 18:49:02 INFO  (main)] - Config - ï»¿#Cau: hinh
[2025-05-23 18:49:02 INFO  (main)] - Config - mongodb.user: root
[2025-05-23 18:49:02 INFO  (main)] - Config - game.event: com.nsoz.event.LunarNewYear
[2025-05-23 18:49:02 INFO  (main)] - Config - game.shinwa.max: 10000
[2025-05-23 18:49:02 INFO  (main)] - Config - game.upgrade.percent.add: 0
[2025-05-23 18:49:02 INFO  (main)] - Config - websocket.port: 8020
[2025-05-23 18:49:02 INFO  (main)] - Config - db.driver: com.mysql.cj.jdbc.Driver
[2025-05-23 18:49:02 INFO  (main)] - Config - db.dbname: nsozace
[2025-05-23 18:49:02 INFO  (main)] - Config - threadPoolSize: 50
[2025-05-23 18:49:02 INFO  (main)] - Config - client.data.size.max: 1024
[2025-05-23 18:49:02 INFO  (main)] - Config - game.arena.active: true
[2025-05-23 18:49:02 INFO  (main)] - Config - db.host: localhost
[2025-05-23 18:49:02 INFO  (main)] - Config - game.skill.version: 35
[2025-05-23 18:49:02 INFO  (main)] - Config - game.EXP: 1
[2025-05-23 18:49:02 INFO  (main)] - Config - mongodb.dbname: admin
[2025-05-23 18:49:02 INFO  (main)] - DB Connection Pool has created.
[2025-05-23 18:49:05 INFO  (main)] - Loading list leader board
[2025-05-23 18:49:05 INFO  (main)] - Load list leader board successfully
[2025-05-23 18:49:05 INFO  (main)] - Loading clan data
[2025-05-23 18:49:05 INFO  (main)] - Load clan data successfully
[2025-05-23 18:49:05 INFO  (main)] - Load TDB
[2025-05-23 18:49:05 INFO  (main)] - load finish:Thiên bảng
[2025-05-23 18:49:05 INFO  (main)] - load finish:Địa bảng
[2025-05-23 18:49:05 INFO  (main)] - Load TDB successfully
[2025-05-23 18:49:05 INFO  (Ranked)] - Refresh ranked success.
[2025-05-23 18:49:05 INFO  (main)] - Tự động bảo trì 0h0
[2025-05-23 18:49:05 INFO  (main)] - Start socket post=14444
[2025-05-23 18:49:05 INFO  (main)] - Start server Success!
[2025-05-23 18:49:05 INFO  (Thread-346)] - Connect to socket server successfully!
[2025-05-23 20:11:18 INFO  (main)] - Config - db.password: 
[2025-05-23 20:11:18 INFO  (main)] - Config - game.shinwa.fee: 5000
[2025-05-23 20:11:18 INFO  (main)] - Config - mongodb.password: 
[2025-05-23 20:11:18 INFO  (main)] - Config - server.log.display: false
[2025-05-23 20:11:18 INFO  (main)] - Config - mongodb.host: localhost
[2025-05-23 20:11:18 INFO  (main)] - Config - mongodb.port: 27017
[2025-05-23 20:11:18 INFO  (main)] - Config - db.user: root
[2025-05-23 20:11:18 INFO  (main)] - Config - game.quantity.display.max: 65535
[2025-05-23 20:11:18 INFO  (main)] - Config - game.data.version: 56
[2025-05-23 20:11:18 INFO  (main)] - Config - scheduledPoolSize: 20
[2025-05-23 20:11:18 INFO  (main)] - Config - db.port: 3306
[2025-05-23 20:11:18 INFO  (main)] - Config - server.port: 14444
[2025-05-23 20:11:18 INFO  (main)] - Config - db.minconnections: 15
[2025-05-23 20:11:18 INFO  (main)] - Config - websocket.host: ws://localhost
[2025-05-23 20:11:18 INFO  (main)] - Config - server.id: 1
[2025-05-23 20:11:18 INFO  (main)] - Config - game.shinwa.active: true
[2025-05-23 20:11:18 INFO  (main)] - Config - game.login.limit: 20
[2025-05-23 20:11:18 INFO  (main)] - Config - db.maxconnections: 20
[2025-05-23 20:11:18 INFO  (main)] - Config - game.item.version: 46
[2025-05-23 20:11:18 INFO  (main)] - Config - game.store.discount: 0
[2025-05-23 20:11:18 INFO  (main)] - Config - game.shinwa.player.max: 20
[2025-05-23 20:11:18 INFO  (main)] - Config - server.notification: Hellos
[2025-05-23 20:11:18 INFO  (main)] - Config - game.map.version: 36
[2025-05-23 20:11:18 INFO  (main)] - Config - ï»¿#Cau: hinh
[2025-05-23 20:11:18 INFO  (main)] - Config - mongodb.user: root
[2025-05-23 20:11:18 INFO  (main)] - Config - game.event: com.nsoz.event.LunarNewYear
[2025-05-23 20:11:18 INFO  (main)] - Config - game.shinwa.max: 10000
[2025-05-23 20:11:18 INFO  (main)] - Config - game.upgrade.percent.add: 0
[2025-05-23 20:11:18 INFO  (main)] - Config - websocket.port: 8020
[2025-05-23 20:11:18 INFO  (main)] - Config - db.driver: com.mysql.cj.jdbc.Driver
[2025-05-23 20:11:18 INFO  (main)] - Config - db.dbname: nsozace
[2025-05-23 20:11:18 INFO  (main)] - Config - threadPoolSize: 50
[2025-05-23 20:11:18 INFO  (main)] - Config - client.data.size.max: 1024
[2025-05-23 20:11:18 INFO  (main)] - Config - game.arena.active: true
[2025-05-23 20:11:18 INFO  (main)] - Config - db.host: localhost
[2025-05-23 20:11:18 INFO  (main)] - Config - game.skill.version: 35
[2025-05-23 20:11:18 INFO  (main)] - Config - game.EXP: 1
[2025-05-23 20:11:18 INFO  (main)] - Config - mongodb.dbname: admin
[2025-05-23 20:11:19 INFO  (main)] - DB Connection Pool has created.
[2025-05-23 20:11:21 INFO  (main)] - Loading list leader board
[2025-05-23 20:11:21 INFO  (main)] - Load list leader board successfully
[2025-05-23 20:11:21 INFO  (main)] - Loading clan data
[2025-05-23 20:11:21 INFO  (main)] - Load clan data successfully
[2025-05-23 20:11:21 INFO  (main)] - Load TDB
[2025-05-23 20:11:21 INFO  (main)] - load finish:Thiên bảng
[2025-05-23 20:11:21 INFO  (main)] - load finish:Địa bảng
[2025-05-23 20:11:21 INFO  (main)] - Load TDB successfully
[2025-05-23 20:11:21 INFO  (Ranked)] - Refresh ranked success.
[2025-05-23 20:11:22 INFO  (main)] - Tự động bảo trì 0h0
[2025-05-23 20:11:22 INFO  (main)] - Start socket post=14444
[2025-05-23 20:11:22 INFO  (main)] - Start server Success!
[2025-05-23 20:11:22 INFO  (Thread-346)] - Connect to socket server successfully!
[2025-05-23 20:17:33 INFO  (main)] - Config - db.password: 
[2025-05-23 20:17:33 INFO  (main)] - Config - game.shinwa.fee: 5000
[2025-05-23 20:17:33 INFO  (main)] - Config - mongodb.password: 
[2025-05-23 20:17:33 INFO  (main)] - Config - server.log.display: false
[2025-05-23 20:17:33 INFO  (main)] - Config - mongodb.host: localhost
[2025-05-23 20:17:33 INFO  (main)] - Config - mongodb.port: 27017
[2025-05-23 20:17:33 INFO  (main)] - Config - db.user: root
[2025-05-23 20:17:33 INFO  (main)] - Config - game.quantity.display.max: 65535
[2025-05-23 20:17:33 INFO  (main)] - Config - game.data.version: 56
[2025-05-23 20:17:33 INFO  (main)] - Config - scheduledPoolSize: 20
[2025-05-23 20:17:33 INFO  (main)] - Config - db.port: 3306
[2025-05-23 20:17:33 INFO  (main)] - Config - server.port: 14444
[2025-05-23 20:17:33 INFO  (main)] - Config - db.minconnections: 15
[2025-05-23 20:17:33 INFO  (main)] - Config - websocket.host: ws://localhost
[2025-05-23 20:17:33 INFO  (main)] - Config - server.id: 1
[2025-05-23 20:17:33 INFO  (main)] - Config - game.shinwa.active: true
[2025-05-23 20:17:33 INFO  (main)] - Config - game.login.limit: 20
[2025-05-23 20:17:33 INFO  (main)] - Config - db.maxconnections: 20
[2025-05-23 20:17:33 INFO  (main)] - Config - game.item.version: 46
[2025-05-23 20:17:33 INFO  (main)] - Config - game.store.discount: 0
[2025-05-23 20:17:33 INFO  (main)] - Config - game.shinwa.player.max: 20
[2025-05-23 20:17:33 INFO  (main)] - Config - server.notification: Hellos
[2025-05-23 20:17:33 INFO  (main)] - Config - game.map.version: 36
[2025-05-23 20:17:33 INFO  (main)] - Config - ï»¿#Cau: hinh
[2025-05-23 20:17:33 INFO  (main)] - Config - mongodb.user: root
[2025-05-23 20:17:33 INFO  (main)] - Config - game.event: com.nsoz.event.LunarNewYear
[2025-05-23 20:17:33 INFO  (main)] - Config - game.shinwa.max: 10000
[2025-05-23 20:17:33 INFO  (main)] - Config - game.upgrade.percent.add: 0
[2025-05-23 20:17:33 INFO  (main)] - Config - websocket.port: 8020
[2025-05-23 20:17:33 INFO  (main)] - Config - db.driver: com.mysql.cj.jdbc.Driver
[2025-05-23 20:17:33 INFO  (main)] - Config - db.dbname: nsozace
[2025-05-23 20:17:33 INFO  (main)] - Config - threadPoolSize: 50
[2025-05-23 20:17:33 INFO  (main)] - Config - client.data.size.max: 1024
[2025-05-23 20:17:33 INFO  (main)] - Config - game.arena.active: true
[2025-05-23 20:17:33 INFO  (main)] - Config - db.host: localhost
[2025-05-23 20:17:33 INFO  (main)] - Config - game.skill.version: 35
[2025-05-23 20:17:33 INFO  (main)] - Config - game.EXP: 1
[2025-05-23 20:17:33 INFO  (main)] - Config - mongodb.dbname: admin
[2025-05-23 20:17:34 INFO  (main)] - DB Connection Pool has created.
[2025-05-23 20:17:36 INFO  (main)] - Loading list leader board
[2025-05-23 20:17:36 INFO  (main)] - Load list leader board successfully
[2025-05-23 20:17:36 INFO  (main)] - Loading clan data
[2025-05-23 20:17:36 INFO  (main)] - Load clan data successfully
[2025-05-23 20:17:36 INFO  (main)] - Load TDB
[2025-05-23 20:17:36 INFO  (main)] - load finish:Thiên bảng
[2025-05-23 20:17:36 INFO  (main)] - load finish:Địa bảng
[2025-05-23 20:17:36 INFO  (main)] - Load TDB successfully
[2025-05-23 20:17:36 INFO  (Ranked)] - Refresh ranked success.
[2025-05-23 20:17:36 INFO  (main)] - Tự động bảo trì 0h0
[2025-05-23 20:17:36 INFO  (main)] - Start socket post=14444
[2025-05-23 20:17:36 INFO  (main)] - Start server Success!
[2025-05-23 20:17:36 INFO  (Thread-346)] - Connect to socket server successfully!
[2025-05-23 20:19:30 INFO  (main)] - Config - db.password: 
[2025-05-23 20:19:30 INFO  (main)] - Config - game.shinwa.fee: 5000
[2025-05-23 20:19:30 INFO  (main)] - Config - mongodb.password: 
[2025-05-23 20:19:30 INFO  (main)] - Config - server.log.display: false
[2025-05-23 20:19:30 INFO  (main)] - Config - mongodb.host: localhost
[2025-05-23 20:19:30 INFO  (main)] - Config - mongodb.port: 27017
[2025-05-23 20:19:30 INFO  (main)] - Config - db.user: root
[2025-05-23 20:19:30 INFO  (main)] - Config - game.quantity.display.max: 65535
[2025-05-23 20:19:30 INFO  (main)] - Config - game.data.version: 56
[2025-05-23 20:19:30 INFO  (main)] - Config - scheduledPoolSize: 20
[2025-05-23 20:19:30 INFO  (main)] - Config - db.port: 3306
[2025-05-23 20:19:30 INFO  (main)] - Config - server.port: 14444
[2025-05-23 20:19:30 INFO  (main)] - Config - db.minconnections: 15
[2025-05-23 20:19:30 INFO  (main)] - Config - websocket.host: ws://localhost
[2025-05-23 20:19:30 INFO  (main)] - Config - server.id: 1
[2025-05-23 20:19:30 INFO  (main)] - Config - game.shinwa.active: true
[2025-05-23 20:19:30 INFO  (main)] - Config - game.login.limit: 20
[2025-05-23 20:19:30 INFO  (main)] - Config - db.maxconnections: 20
[2025-05-23 20:19:30 INFO  (main)] - Config - game.item.version: 46
[2025-05-23 20:19:30 INFO  (main)] - Config - game.store.discount: 0
[2025-05-23 20:19:30 INFO  (main)] - Config - game.shinwa.player.max: 20
[2025-05-23 20:19:30 INFO  (main)] - Config - server.notification: Hellos
[2025-05-23 20:19:30 INFO  (main)] - Config - game.map.version: 36
[2025-05-23 20:19:30 INFO  (main)] - Config - ï»¿#Cau: hinh
[2025-05-23 20:19:30 INFO  (main)] - Config - mongodb.user: root
[2025-05-23 20:19:30 INFO  (main)] - Config - game.event: com.nsoz.event.LunarNewYear
[2025-05-23 20:19:30 INFO  (main)] - Config - game.shinwa.max: 10000
[2025-05-23 20:19:30 INFO  (main)] - Config - game.upgrade.percent.add: 0
[2025-05-23 20:19:30 INFO  (main)] - Config - websocket.port: 8020
[2025-05-23 20:19:30 INFO  (main)] - Config - db.driver: com.mysql.cj.jdbc.Driver
[2025-05-23 20:19:30 INFO  (main)] - Config - db.dbname: nsozace
[2025-05-23 20:19:30 INFO  (main)] - Config - threadPoolSize: 50
[2025-05-23 20:19:30 INFO  (main)] - Config - client.data.size.max: 1024
[2025-05-23 20:19:30 INFO  (main)] - Config - game.arena.active: true
[2025-05-23 20:19:30 INFO  (main)] - Config - db.host: localhost
[2025-05-23 20:19:30 INFO  (main)] - Config - game.skill.version: 35
[2025-05-23 20:19:30 INFO  (main)] - Config - game.EXP: 1
[2025-05-23 20:19:30 INFO  (main)] - Config - mongodb.dbname: admin
[2025-05-23 20:19:31 INFO  (main)] - DB Connection Pool has created.
[2025-05-23 20:19:33 INFO  (main)] - Loading list leader board
[2025-05-23 20:19:33 INFO  (main)] - Load list leader board successfully
[2025-05-23 20:19:33 INFO  (main)] - Loading clan data
[2025-05-23 20:19:33 INFO  (main)] - Load clan data successfully
[2025-05-23 20:19:33 INFO  (main)] - Load TDB
[2025-05-23 20:19:33 INFO  (main)] - load finish:Thiên bảng
[2025-05-23 20:19:33 INFO  (main)] - load finish:Địa bảng
[2025-05-23 20:19:33 INFO  (main)] - Load TDB successfully
[2025-05-23 20:19:33 INFO  (Ranked)] - Refresh ranked success.
[2025-05-23 20:19:34 INFO  (main)] - Tự động bảo trì 0h0
[2025-05-23 20:19:34 INFO  (main)] - Start socket post=14444
[2025-05-23 20:19:34 INFO  (main)] - Start server Success!
[2025-05-23 20:19:34 INFO  (Thread-346)] - Connect to socket server successfully!
[2025-05-23 20:20:52 INFO  (main)] - Config - db.password: 
[2025-05-23 20:20:52 INFO  (main)] - Config - game.shinwa.fee: 5000
[2025-05-23 20:20:52 INFO  (main)] - Config - mongodb.password: 
[2025-05-23 20:20:52 INFO  (main)] - Config - server.log.display: false
[2025-05-23 20:20:52 INFO  (main)] - Config - mongodb.host: localhost
[2025-05-23 20:20:52 INFO  (main)] - Config - mongodb.port: 27017
[2025-05-23 20:20:52 INFO  (main)] - Config - db.user: root
[2025-05-23 20:20:52 INFO  (main)] - Config - game.quantity.display.max: 65535
[2025-05-23 20:20:52 INFO  (main)] - Config - game.data.version: 56
[2025-05-23 20:20:52 INFO  (main)] - Config - scheduledPoolSize: 20
[2025-05-23 20:20:52 INFO  (main)] - Config - db.port: 3306
[2025-05-23 20:20:52 INFO  (main)] - Config - server.port: 14444
[2025-05-23 20:20:52 INFO  (main)] - Config - db.minconnections: 15
[2025-05-23 20:20:52 INFO  (main)] - Config - websocket.host: ws://localhost
[2025-05-23 20:20:52 INFO  (main)] - Config - server.id: 1
[2025-05-23 20:20:52 INFO  (main)] - Config - game.shinwa.active: true
[2025-05-23 20:20:52 INFO  (main)] - Config - game.login.limit: 20
[2025-05-23 20:20:52 INFO  (main)] - Config - db.maxconnections: 20
[2025-05-23 20:20:52 INFO  (main)] - Config - game.item.version: 46
[2025-05-23 20:20:52 INFO  (main)] - Config - game.store.discount: 0
[2025-05-23 20:20:52 INFO  (main)] - Config - game.shinwa.player.max: 20
[2025-05-23 20:20:52 INFO  (main)] - Config - server.notification: Hellos
[2025-05-23 20:20:52 INFO  (main)] - Config - game.map.version: 36
[2025-05-23 20:20:52 INFO  (main)] - Config - ï»¿#Cau: hinh
[2025-05-23 20:20:52 INFO  (main)] - Config - mongodb.user: root
[2025-05-23 20:20:52 INFO  (main)] - Config - game.event: com.nsoz.event.LunarNewYear
[2025-05-23 20:20:52 INFO  (main)] - Config - game.shinwa.max: 10000
[2025-05-23 20:20:52 INFO  (main)] - Config - game.upgrade.percent.add: 0
[2025-05-23 20:20:52 INFO  (main)] - Config - websocket.port: 8020
[2025-05-23 20:20:52 INFO  (main)] - Config - db.driver: com.mysql.cj.jdbc.Driver
[2025-05-23 20:20:52 INFO  (main)] - Config - db.dbname: nsozace
[2025-05-23 20:20:52 INFO  (main)] - Config - threadPoolSize: 50
[2025-05-23 20:20:52 INFO  (main)] - Config - client.data.size.max: 1024
[2025-05-23 20:20:52 INFO  (main)] - Config - game.arena.active: true
[2025-05-23 20:20:52 INFO  (main)] - Config - db.host: localhost
[2025-05-23 20:20:52 INFO  (main)] - Config - game.skill.version: 35
[2025-05-23 20:20:52 INFO  (main)] - Config - game.EXP: 1
[2025-05-23 20:20:52 INFO  (main)] - Config - mongodb.dbname: admin
[2025-05-23 20:20:52 INFO  (main)] - DB Connection Pool has created.
[2025-05-23 20:20:55 INFO  (main)] - Loading list leader board
[2025-05-23 20:20:55 INFO  (main)] - Load list leader board successfully
[2025-05-23 20:20:55 INFO  (main)] - Loading clan data
[2025-05-23 20:20:55 INFO  (main)] - Load clan data successfully
[2025-05-23 20:20:55 INFO  (main)] - Load TDB
[2025-05-23 20:20:55 INFO  (main)] - load finish:Thiên bảng
[2025-05-23 20:20:55 INFO  (main)] - load finish:Địa bảng
[2025-05-23 20:20:55 INFO  (main)] - Load TDB successfully
[2025-05-23 20:20:55 INFO  (Ranked)] - Refresh ranked success.
[2025-05-23 20:20:55 INFO  (main)] - Tự động bảo trì 0h0
[2025-05-23 20:20:55 INFO  (main)] - Start socket post=14444
[2025-05-23 20:20:55 INFO  (main)] - Start server Success!
[2025-05-23 20:20:55 INFO  (Thread-346)] - Connect to socket server successfully!
[2025-05-23 20:28:00 INFO  (main)] - Config - db.password: 
[2025-05-23 20:28:00 INFO  (main)] - Config - game.shinwa.fee: 5000
[2025-05-23 20:28:00 INFO  (main)] - Config - mongodb.password: 
[2025-05-23 20:28:00 INFO  (main)] - Config - server.log.display: false
[2025-05-23 20:28:00 INFO  (main)] - Config - mongodb.host: localhost
[2025-05-23 20:28:00 INFO  (main)] - Config - mongodb.port: 27017
[2025-05-23 20:28:00 INFO  (main)] - Config - db.user: root
[2025-05-23 20:28:00 INFO  (main)] - Config - game.quantity.display.max: 65535
[2025-05-23 20:28:00 INFO  (main)] - Config - game.data.version: 56
[2025-05-23 20:28:00 INFO  (main)] - Config - scheduledPoolSize: 20
[2025-05-23 20:28:00 INFO  (main)] - Config - db.port: 3306
[2025-05-23 20:28:00 INFO  (main)] - Config - server.port: 14444
[2025-05-23 20:28:00 INFO  (main)] - Config - db.minconnections: 15
[2025-05-23 20:28:00 INFO  (main)] - Config - websocket.host: ws://localhost
[2025-05-23 20:28:00 INFO  (main)] - Config - server.id: 1
[2025-05-23 20:28:00 INFO  (main)] - Config - game.shinwa.active: true
[2025-05-23 20:28:00 INFO  (main)] - Config - game.login.limit: 20
[2025-05-23 20:28:00 INFO  (main)] - Config - db.maxconnections: 20
[2025-05-23 20:28:00 INFO  (main)] - Config - game.item.version: 46
[2025-05-23 20:28:00 INFO  (main)] - Config - game.store.discount: 0
[2025-05-23 20:28:00 INFO  (main)] - Config - game.shinwa.player.max: 20
[2025-05-23 20:28:00 INFO  (main)] - Config - server.notification: Hellos
[2025-05-23 20:28:00 INFO  (main)] - Config - game.map.version: 36
[2025-05-23 20:28:00 INFO  (main)] - Config - ï»¿#Cau: hinh
[2025-05-23 20:28:00 INFO  (main)] - Config - mongodb.user: root
[2025-05-23 20:28:00 INFO  (main)] - Config - game.event: com.nsoz.event.LunarNewYear
[2025-05-23 20:28:00 INFO  (main)] - Config - game.shinwa.max: 10000
[2025-05-23 20:28:00 INFO  (main)] - Config - game.upgrade.percent.add: 0
[2025-05-23 20:28:00 INFO  (main)] - Config - websocket.port: 8020
[2025-05-23 20:28:00 INFO  (main)] - Config - db.driver: com.mysql.cj.jdbc.Driver
[2025-05-23 20:28:00 INFO  (main)] - Config - db.dbname: nsozace
[2025-05-23 20:28:00 INFO  (main)] - Config - threadPoolSize: 50
[2025-05-23 20:28:00 INFO  (main)] - Config - client.data.size.max: 1024
[2025-05-23 20:28:00 INFO  (main)] - Config - game.arena.active: true
[2025-05-23 20:28:00 INFO  (main)] - Config - db.host: localhost
[2025-05-23 20:28:00 INFO  (main)] - Config - game.skill.version: 35
[2025-05-23 20:28:00 INFO  (main)] - Config - game.EXP: 1
[2025-05-23 20:28:00 INFO  (main)] - Config - mongodb.dbname: admin
[2025-05-23 20:28:00 INFO  (main)] - DB Connection Pool has created.
[2025-05-23 20:28:03 INFO  (main)] - Loading list leader board
[2025-05-23 20:28:03 INFO  (main)] - Load list leader board successfully
[2025-05-23 20:28:03 INFO  (main)] - Loading clan data
[2025-05-23 20:28:03 INFO  (main)] - Load clan data successfully
[2025-05-23 20:28:03 INFO  (main)] - Load TDB
[2025-05-23 20:28:03 INFO  (main)] - load finish:Thiên bảng
[2025-05-23 20:28:03 INFO  (main)] - load finish:Địa bảng
[2025-05-23 20:28:03 INFO  (main)] - Load TDB successfully
[2025-05-23 20:28:03 INFO  (Ranked)] - Refresh ranked success.
[2025-05-23 20:28:04 INFO  (main)] - Tự động bảo trì 0h0
[2025-05-23 20:28:04 INFO  (main)] - Start socket post=14444
[2025-05-23 20:28:04 INFO  (main)] - Start server Success!
[2025-05-23 20:28:04 INFO  (Thread-346)] - Connect to socket server successfully!
[2025-05-23 20:28:18 INFO  (main)] - Config - db.password: 
[2025-05-23 20:28:18 INFO  (main)] - Config - game.shinwa.fee: 5000
[2025-05-23 20:28:18 INFO  (main)] - Config - mongodb.password: 
[2025-05-23 20:28:18 INFO  (main)] - Config - server.log.display: false
[2025-05-23 20:28:18 INFO  (main)] - Config - mongodb.host: localhost
[2025-05-23 20:28:18 INFO  (main)] - Config - mongodb.port: 27017
[2025-05-23 20:28:18 INFO  (main)] - Config - db.user: root
[2025-05-23 20:28:18 INFO  (main)] - Config - game.quantity.display.max: 65535
[2025-05-23 20:28:18 INFO  (main)] - Config - game.data.version: 56
[2025-05-23 20:28:18 INFO  (main)] - Config - scheduledPoolSize: 20
[2025-05-23 20:28:18 INFO  (main)] - Config - db.port: 3306
[2025-05-23 20:28:18 INFO  (main)] - Config - server.port: 14444
[2025-05-23 20:28:18 INFO  (main)] - Config - db.minconnections: 15
[2025-05-23 20:28:18 INFO  (main)] - Config - websocket.host: ws://localhost
[2025-05-23 20:28:18 INFO  (main)] - Config - server.id: 1
[2025-05-23 20:28:18 INFO  (main)] - Config - game.shinwa.active: true
[2025-05-23 20:28:18 INFO  (main)] - Config - game.login.limit: 20
[2025-05-23 20:28:18 INFO  (main)] - Config - db.maxconnections: 20
[2025-05-23 20:28:18 INFO  (main)] - Config - game.item.version: 46
[2025-05-23 20:28:18 INFO  (main)] - Config - game.store.discount: 0
[2025-05-23 20:28:18 INFO  (main)] - Config - game.shinwa.player.max: 20
[2025-05-23 20:28:18 INFO  (main)] - Config - server.notification: Hellos
[2025-05-23 20:28:18 INFO  (main)] - Config - game.map.version: 36
[2025-05-23 20:28:18 INFO  (main)] - Config - ï»¿#Cau: hinh
[2025-05-23 20:28:18 INFO  (main)] - Config - mongodb.user: root
[2025-05-23 20:28:18 INFO  (main)] - Config - game.event: com.nsoz.event.LunarNewYear
[2025-05-23 20:28:18 INFO  (main)] - Config - game.shinwa.max: 10000
[2025-05-23 20:28:18 INFO  (main)] - Config - game.upgrade.percent.add: 0
[2025-05-23 20:28:18 INFO  (main)] - Config - websocket.port: 8020
[2025-05-23 20:28:18 INFO  (main)] - Config - db.driver: com.mysql.cj.jdbc.Driver
[2025-05-23 20:28:18 INFO  (main)] - Config - db.dbname: nsozace
[2025-05-23 20:28:18 INFO  (main)] - Config - threadPoolSize: 50
[2025-05-23 20:28:18 INFO  (main)] - Config - client.data.size.max: 1024
[2025-05-23 20:28:18 INFO  (main)] - Config - game.arena.active: true
[2025-05-23 20:28:18 INFO  (main)] - Config - db.host: localhost
[2025-05-23 20:28:18 INFO  (main)] - Config - game.skill.version: 35
[2025-05-23 20:28:18 INFO  (main)] - Config - game.EXP: 1
[2025-05-23 20:28:18 INFO  (main)] - Config - mongodb.dbname: admin
[2025-05-23 20:28:18 INFO  (main)] - DB Connection Pool has created.
[2025-05-23 20:28:20 INFO  (main)] - Loading list leader board
[2025-05-23 20:28:20 INFO  (main)] - Load list leader board successfully
[2025-05-23 20:28:20 INFO  (main)] - Loading clan data
[2025-05-23 20:28:20 INFO  (main)] - Load clan data successfully
[2025-05-23 20:28:20 INFO  (main)] - Load TDB
[2025-05-23 20:28:20 INFO  (main)] - load finish:Thiên bảng
[2025-05-23 20:28:20 INFO  (main)] - load finish:Địa bảng
[2025-05-23 20:28:20 INFO  (main)] - Load TDB successfully
[2025-05-23 20:28:20 INFO  (Ranked)] - Refresh ranked success.
[2025-05-23 20:28:21 INFO  (main)] - Tự động bảo trì 0h0
[2025-05-23 20:28:21 INFO  (main)] - Start socket post=14444
[2025-05-23 20:28:21 INFO  (main)] - Start server Success!
[2025-05-23 20:28:21 INFO  (Thread-346)] - Connect to socket server successfully!
[2025-05-23 20:28:32 INFO  (main)] - Config - db.password: 
[2025-05-23 20:28:32 INFO  (main)] - Config - game.shinwa.fee: 5000
[2025-05-23 20:28:32 INFO  (main)] - Config - mongodb.password: 
[2025-05-23 20:28:32 INFO  (main)] - Config - server.log.display: false
[2025-05-23 20:28:32 INFO  (main)] - Config - mongodb.host: localhost
[2025-05-23 20:28:32 INFO  (main)] - Config - mongodb.port: 27017
[2025-05-23 20:28:32 INFO  (main)] - Config - db.user: root
[2025-05-23 20:28:32 INFO  (main)] - Config - game.quantity.display.max: 65535
[2025-05-23 20:28:32 INFO  (main)] - Config - game.data.version: 56
[2025-05-23 20:28:32 INFO  (main)] - Config - scheduledPoolSize: 20
[2025-05-23 20:28:32 INFO  (main)] - Config - db.port: 3306
[2025-05-23 20:28:32 INFO  (main)] - Config - server.port: 14444
[2025-05-23 20:28:32 INFO  (main)] - Config - db.minconnections: 15
[2025-05-23 20:28:32 INFO  (main)] - Config - websocket.host: ws://localhost
[2025-05-23 20:28:32 INFO  (main)] - Config - server.id: 1
[2025-05-23 20:28:32 INFO  (main)] - Config - game.shinwa.active: true
[2025-05-23 20:28:32 INFO  (main)] - Config - game.login.limit: 20
[2025-05-23 20:28:32 INFO  (main)] - Config - db.maxconnections: 20
[2025-05-23 20:28:32 INFO  (main)] - Config - game.item.version: 46
[2025-05-23 20:28:32 INFO  (main)] - Config - game.store.discount: 0
[2025-05-23 20:28:32 INFO  (main)] - Config - game.shinwa.player.max: 20
[2025-05-23 20:28:32 INFO  (main)] - Config - server.notification: Hellos
[2025-05-23 20:28:32 INFO  (main)] - Config - game.map.version: 36
[2025-05-23 20:28:32 INFO  (main)] - Config - ï»¿#Cau: hinh
[2025-05-23 20:28:32 INFO  (main)] - Config - mongodb.user: root
[2025-05-23 20:28:32 INFO  (main)] - Config - game.event: com.nsoz.event.LunarNewYear
[2025-05-23 20:28:32 INFO  (main)] - Config - game.shinwa.max: 10000
[2025-05-23 20:28:32 INFO  (main)] - Config - game.upgrade.percent.add: 0
[2025-05-23 20:28:32 INFO  (main)] - Config - websocket.port: 8020
[2025-05-23 20:28:32 INFO  (main)] - Config - db.driver: com.mysql.cj.jdbc.Driver
[2025-05-23 20:28:32 INFO  (main)] - Config - db.dbname: nsozace
[2025-05-23 20:28:32 INFO  (main)] - Config - threadPoolSize: 50
[2025-05-23 20:28:32 INFO  (main)] - Config - client.data.size.max: 1024
[2025-05-23 20:28:32 INFO  (main)] - Config - game.arena.active: true
[2025-05-23 20:28:32 INFO  (main)] - Config - db.host: localhost
[2025-05-23 20:28:32 INFO  (main)] - Config - game.skill.version: 35
[2025-05-23 20:28:32 INFO  (main)] - Config - game.EXP: 1
[2025-05-23 20:28:32 INFO  (main)] - Config - mongodb.dbname: admin
[2025-05-23 20:28:32 INFO  (main)] - DB Connection Pool has created.
[2025-05-23 20:28:35 INFO  (main)] - Loading list leader board
[2025-05-23 20:28:35 INFO  (main)] - Load list leader board successfully
[2025-05-23 20:28:35 INFO  (main)] - Loading clan data
[2025-05-23 20:28:35 INFO  (main)] - Load clan data successfully
[2025-05-23 20:28:35 INFO  (main)] - Load TDB
[2025-05-23 20:28:35 INFO  (main)] - load finish:Thiên bảng
[2025-05-23 20:28:35 INFO  (main)] - load finish:Địa bảng
[2025-05-23 20:28:35 INFO  (main)] - Load TDB successfully
[2025-05-23 20:28:35 INFO  (Ranked)] - Refresh ranked success.
[2025-05-23 20:28:36 INFO  (main)] - Tự động bảo trì 0h0
[2025-05-23 20:28:36 INFO  (main)] - Start socket post=14444
[2025-05-23 20:28:36 INFO  (main)] - Start server Success!
[2025-05-23 20:28:36 INFO  (Thread-346)] - Connect to socket server successfully!
[2025-05-23 20:28:41 INFO  (main)] - Config - db.password: 
[2025-05-23 20:28:41 INFO  (main)] - Config - game.shinwa.fee: 5000
[2025-05-23 20:28:41 INFO  (main)] - Config - mongodb.password: 
[2025-05-23 20:28:41 INFO  (main)] - Config - server.log.display: false
[2025-05-23 20:28:41 INFO  (main)] - Config - mongodb.host: localhost
[2025-05-23 20:28:41 INFO  (main)] - Config - mongodb.port: 27017
[2025-05-23 20:28:41 INFO  (main)] - Config - db.user: root
[2025-05-23 20:28:41 INFO  (main)] - Config - game.quantity.display.max: 65535
[2025-05-23 20:28:41 INFO  (main)] - Config - game.data.version: 56
[2025-05-23 20:28:41 INFO  (main)] - Config - scheduledPoolSize: 20
[2025-05-23 20:28:41 INFO  (main)] - Config - db.port: 3306
[2025-05-23 20:28:41 INFO  (main)] - Config - server.port: 14444
[2025-05-23 20:28:41 INFO  (main)] - Config - db.minconnections: 15
[2025-05-23 20:28:41 INFO  (main)] - Config - websocket.host: ws://localhost
[2025-05-23 20:28:41 INFO  (main)] - Config - server.id: 1
[2025-05-23 20:28:41 INFO  (main)] - Config - game.shinwa.active: true
[2025-05-23 20:28:41 INFO  (main)] - Config - game.login.limit: 20
[2025-05-23 20:28:41 INFO  (main)] - Config - db.maxconnections: 20
[2025-05-23 20:28:41 INFO  (main)] - Config - game.item.version: 46
[2025-05-23 20:28:41 INFO  (main)] - Config - game.store.discount: 0
[2025-05-23 20:28:41 INFO  (main)] - Config - game.shinwa.player.max: 20
[2025-05-23 20:28:41 INFO  (main)] - Config - server.notification: Hellos
[2025-05-23 20:28:41 INFO  (main)] - Config - game.map.version: 36
[2025-05-23 20:28:41 INFO  (main)] - Config - ï»¿#Cau: hinh
[2025-05-23 20:28:41 INFO  (main)] - Config - mongodb.user: root
[2025-05-23 20:28:41 INFO  (main)] - Config - game.event: com.nsoz.event.LunarNewYear
[2025-05-23 20:28:41 INFO  (main)] - Config - game.shinwa.max: 10000
[2025-05-23 20:28:41 INFO  (main)] - Config - game.upgrade.percent.add: 0
[2025-05-23 20:28:41 INFO  (main)] - Config - websocket.port: 8020
[2025-05-23 20:28:41 INFO  (main)] - Config - db.driver: com.mysql.cj.jdbc.Driver
[2025-05-23 20:28:41 INFO  (main)] - Config - db.dbname: nsozace
[2025-05-23 20:28:41 INFO  (main)] - Config - threadPoolSize: 50
[2025-05-23 20:28:41 INFO  (main)] - Config - client.data.size.max: 1024
[2025-05-23 20:28:41 INFO  (main)] - Config - game.arena.active: true
[2025-05-23 20:28:41 INFO  (main)] - Config - db.host: localhost
[2025-05-23 20:28:41 INFO  (main)] - Config - game.skill.version: 35
[2025-05-23 20:28:41 INFO  (main)] - Config - game.EXP: 1
[2025-05-23 20:28:41 INFO  (main)] - Config - mongodb.dbname: admin
[2025-05-23 20:28:41 INFO  (main)] - DB Connection Pool has created.
[2025-05-23 20:28:44 INFO  (main)] - Loading list leader board
[2025-05-23 20:28:44 INFO  (main)] - Load list leader board successfully
[2025-05-23 20:28:44 INFO  (main)] - Loading clan data
[2025-05-23 20:28:44 INFO  (main)] - Load clan data successfully
[2025-05-23 20:28:44 INFO  (main)] - Load TDB
[2025-05-23 20:28:44 INFO  (main)] - load finish:Thiên bảng
[2025-05-23 20:28:44 INFO  (main)] - load finish:Địa bảng
[2025-05-23 20:28:44 INFO  (main)] - Load TDB successfully
[2025-05-23 20:28:44 INFO  (Ranked)] - Refresh ranked success.
[2025-05-23 20:28:44 INFO  (main)] - Tự động bảo trì 0h0
[2025-05-23 20:28:44 INFO  (main)] - Start socket post=14444
[2025-05-23 20:28:44 INFO  (main)] - Start server Success!
[2025-05-23 20:28:44 INFO  (Thread-346)] - Connect to socket server successfully!
[2025-05-23 20:28:53 INFO  (main)] - Config - db.password: 
[2025-05-23 20:28:53 INFO  (main)] - Config - game.shinwa.fee: 5000
[2025-05-23 20:28:53 INFO  (main)] - Config - mongodb.password: 
[2025-05-23 20:28:53 INFO  (main)] - Config - server.log.display: false
[2025-05-23 20:28:53 INFO  (main)] - Config - mongodb.host: localhost
[2025-05-23 20:28:53 INFO  (main)] - Config - mongodb.port: 27017
[2025-05-23 20:28:53 INFO  (main)] - Config - db.user: root
[2025-05-23 20:28:53 INFO  (main)] - Config - game.quantity.display.max: 65535
[2025-05-23 20:28:53 INFO  (main)] - Config - game.data.version: 56
[2025-05-23 20:28:53 INFO  (main)] - Config - scheduledPoolSize: 20
[2025-05-23 20:28:53 INFO  (main)] - Config - db.port: 3306
[2025-05-23 20:28:53 INFO  (main)] - Config - server.port: 14444
[2025-05-23 20:28:53 INFO  (main)] - Config - db.minconnections: 15
[2025-05-23 20:28:53 INFO  (main)] - Config - websocket.host: ws://localhost
[2025-05-23 20:28:53 INFO  (main)] - Config - server.id: 1
[2025-05-23 20:28:53 INFO  (main)] - Config - game.shinwa.active: true
[2025-05-23 20:28:53 INFO  (main)] - Config - game.login.limit: 20
[2025-05-23 20:28:53 INFO  (main)] - Config - db.maxconnections: 20
[2025-05-23 20:28:53 INFO  (main)] - Config - game.item.version: 46
[2025-05-23 20:28:53 INFO  (main)] - Config - game.store.discount: 0
[2025-05-23 20:28:53 INFO  (main)] - Config - game.shinwa.player.max: 20
[2025-05-23 20:28:53 INFO  (main)] - Config - server.notification: Hellos
[2025-05-23 20:28:53 INFO  (main)] - Config - game.map.version: 36
[2025-05-23 20:28:53 INFO  (main)] - Config - ï»¿#Cau: hinh
[2025-05-23 20:28:53 INFO  (main)] - Config - mongodb.user: root
[2025-05-23 20:28:53 INFO  (main)] - Config - game.event: com.nsoz.event.LunarNewYear
[2025-05-23 20:28:53 INFO  (main)] - Config - game.shinwa.max: 10000
[2025-05-23 20:28:53 INFO  (main)] - Config - game.upgrade.percent.add: 0
[2025-05-23 20:28:53 INFO  (main)] - Config - websocket.port: 8020
[2025-05-23 20:28:53 INFO  (main)] - Config - db.driver: com.mysql.cj.jdbc.Driver
[2025-05-23 20:28:53 INFO  (main)] - Config - db.dbname: nsozace
[2025-05-23 20:28:53 INFO  (main)] - Config - threadPoolSize: 50
[2025-05-23 20:28:53 INFO  (main)] - Config - client.data.size.max: 1024
[2025-05-23 20:28:53 INFO  (main)] - Config - game.arena.active: true
[2025-05-23 20:28:53 INFO  (main)] - Config - db.host: localhost
[2025-05-23 20:28:53 INFO  (main)] - Config - game.skill.version: 35
[2025-05-23 20:28:53 INFO  (main)] - Config - game.EXP: 1
[2025-05-23 20:28:53 INFO  (main)] - Config - mongodb.dbname: admin
[2025-05-23 20:28:53 INFO  (main)] - DB Connection Pool has created.
[2025-05-23 20:28:58 INFO  (main)] - Loading list leader board
[2025-05-23 20:28:58 INFO  (main)] - Load list leader board successfully
[2025-05-23 20:28:58 INFO  (main)] - Loading clan data
[2025-05-23 20:28:58 INFO  (main)] - Load clan data successfully
[2025-05-23 20:28:58 INFO  (main)] - Load TDB
[2025-05-23 20:28:58 INFO  (main)] - load finish:Thiên bảng
[2025-05-23 20:28:58 INFO  (main)] - load finish:Địa bảng
[2025-05-23 20:28:58 INFO  (main)] - Load TDB successfully
[2025-05-23 20:28:58 INFO  (Ranked)] - Refresh ranked success.
[2025-05-23 20:28:59 INFO  (main)] - Tự động bảo trì 0h0
[2025-05-23 20:28:59 INFO  (main)] - Start socket post=14444
[2025-05-23 20:28:59 INFO  (main)] - Start server Success!
[2025-05-23 20:28:59 INFO  (Thread-346)] - Connect to socket server successfully!
[2025-05-23 20:29:14 INFO  (main)] - Config - db.password: 
[2025-05-23 20:29:14 INFO  (main)] - Config - game.shinwa.fee: 5000
[2025-05-23 20:29:14 INFO  (main)] - Config - mongodb.password: 
[2025-05-23 20:29:14 INFO  (main)] - Config - server.log.display: false
[2025-05-23 20:29:14 INFO  (main)] - Config - mongodb.host: localhost
[2025-05-23 20:29:14 INFO  (main)] - Config - mongodb.port: 27017
[2025-05-23 20:29:14 INFO  (main)] - Config - db.user: root
[2025-05-23 20:29:14 INFO  (main)] - Config - game.quantity.display.max: 65535
[2025-05-23 20:29:14 INFO  (main)] - Config - game.data.version: 56
[2025-05-23 20:29:14 INFO  (main)] - Config - scheduledPoolSize: 20
[2025-05-23 20:29:14 INFO  (main)] - Config - db.port: 3306
[2025-05-23 20:29:14 INFO  (main)] - Config - server.port: 14444
[2025-05-23 20:29:14 INFO  (main)] - Config - db.minconnections: 15
[2025-05-23 20:29:14 INFO  (main)] - Config - websocket.host: ws://localhost
[2025-05-23 20:29:14 INFO  (main)] - Config - server.id: 1
[2025-05-23 20:29:14 INFO  (main)] - Config - game.shinwa.active: true
[2025-05-23 20:29:14 INFO  (main)] - Config - game.login.limit: 20
[2025-05-23 20:29:14 INFO  (main)] - Config - db.maxconnections: 20
[2025-05-23 20:29:14 INFO  (main)] - Config - game.item.version: 46
[2025-05-23 20:29:14 INFO  (main)] - Config - game.store.discount: 0
[2025-05-23 20:29:14 INFO  (main)] - Config - game.shinwa.player.max: 20
[2025-05-23 20:29:14 INFO  (main)] - Config - server.notification: Hellos
[2025-05-23 20:29:14 INFO  (main)] - Config - game.map.version: 36
[2025-05-23 20:29:14 INFO  (main)] - Config - ï»¿#Cau: hinh
[2025-05-23 20:29:14 INFO  (main)] - Config - mongodb.user: root
[2025-05-23 20:29:14 INFO  (main)] - Config - game.event: com.nsoz.event.LunarNewYear
[2025-05-23 20:29:14 INFO  (main)] - Config - game.shinwa.max: 10000
[2025-05-23 20:29:14 INFO  (main)] - Config - game.upgrade.percent.add: 0
[2025-05-23 20:29:14 INFO  (main)] - Config - websocket.port: 8020
[2025-05-23 20:29:14 INFO  (main)] - Config - db.driver: com.mysql.cj.jdbc.Driver
[2025-05-23 20:29:14 INFO  (main)] - Config - db.dbname: nsozace
[2025-05-23 20:29:14 INFO  (main)] - Config - threadPoolSize: 50
[2025-05-23 20:29:14 INFO  (main)] - Config - client.data.size.max: 1024
[2025-05-23 20:29:14 INFO  (main)] - Config - game.arena.active: true
[2025-05-23 20:29:14 INFO  (main)] - Config - db.host: localhost
[2025-05-23 20:29:14 INFO  (main)] - Config - game.skill.version: 35
[2025-05-23 20:29:14 INFO  (main)] - Config - game.EXP: 1
[2025-05-23 20:29:14 INFO  (main)] - Config - mongodb.dbname: admin
[2025-05-23 20:29:14 INFO  (main)] - DB Connection Pool has created.
[2025-05-23 20:29:17 INFO  (main)] - Loading list leader board
[2025-05-23 20:29:17 INFO  (main)] - Load list leader board successfully
[2025-05-23 20:29:17 INFO  (main)] - Loading clan data
[2025-05-23 20:29:17 INFO  (main)] - Load clan data successfully
[2025-05-23 20:29:17 INFO  (main)] - Load TDB
[2025-05-23 20:29:17 INFO  (main)] - load finish:Thiên bảng
[2025-05-23 20:29:17 INFO  (main)] - load finish:Địa bảng
[2025-05-23 20:29:17 INFO  (main)] - Load TDB successfully
[2025-05-23 20:29:17 INFO  (Ranked)] - Refresh ranked success.
[2025-05-23 20:29:17 INFO  (main)] - Tự động bảo trì 0h0
[2025-05-23 20:29:17 INFO  (main)] - Start socket post=14444
[2025-05-23 20:29:17 INFO  (main)] - Start server Success!
[2025-05-23 20:29:17 INFO  (Thread-346)] - Connect to socket server successfully!
[2025-05-23 20:32:28 INFO  (main)] - Config - db.password: 
[2025-05-23 20:32:28 INFO  (main)] - Config - game.shinwa.fee: 5000
[2025-05-23 20:32:28 INFO  (main)] - Config - mongodb.password: 
[2025-05-23 20:32:28 INFO  (main)] - Config - server.log.display: false
[2025-05-23 20:32:28 INFO  (main)] - Config - mongodb.host: localhost
[2025-05-23 20:32:28 INFO  (main)] - Config - mongodb.port: 27017
[2025-05-23 20:32:28 INFO  (main)] - Config - db.user: root
[2025-05-23 20:32:28 INFO  (main)] - Config - game.quantity.display.max: 65535
[2025-05-23 20:32:28 INFO  (main)] - Config - game.data.version: 56
[2025-05-23 20:32:28 INFO  (main)] - Config - scheduledPoolSize: 20
[2025-05-23 20:32:28 INFO  (main)] - Config - db.port: 3306
[2025-05-23 20:32:28 INFO  (main)] - Config - server.port: 14444
[2025-05-23 20:32:28 INFO  (main)] - Config - db.minconnections: 15
[2025-05-23 20:32:28 INFO  (main)] - Config - websocket.host: ws://localhost
[2025-05-23 20:32:28 INFO  (main)] - Config - server.id: 1
[2025-05-23 20:32:28 INFO  (main)] - Config - game.shinwa.active: true
[2025-05-23 20:32:28 INFO  (main)] - Config - game.login.limit: 20
[2025-05-23 20:32:28 INFO  (main)] - Config - db.maxconnections: 20
[2025-05-23 20:32:28 INFO  (main)] - Config - game.item.version: 46
[2025-05-23 20:32:28 INFO  (main)] - Config - game.store.discount: 0
[2025-05-23 20:32:28 INFO  (main)] - Config - game.shinwa.player.max: 20
[2025-05-23 20:32:28 INFO  (main)] - Config - server.notification: Hellos
[2025-05-23 20:32:28 INFO  (main)] - Config - game.map.version: 36
[2025-05-23 20:32:28 INFO  (main)] - Config - ï»¿#Cau: hinh
[2025-05-23 20:32:28 INFO  (main)] - Config - mongodb.user: root
[2025-05-23 20:32:28 INFO  (main)] - Config - game.event: com.nsoz.event.LunarNewYear
[2025-05-23 20:32:28 INFO  (main)] - Config - game.shinwa.max: 10000
[2025-05-23 20:32:28 INFO  (main)] - Config - game.upgrade.percent.add: 0
[2025-05-23 20:32:28 INFO  (main)] - Config - websocket.port: 8020
[2025-05-23 20:32:28 INFO  (main)] - Config - db.driver: com.mysql.cj.jdbc.Driver
[2025-05-23 20:32:28 INFO  (main)] - Config - db.dbname: nsozace
[2025-05-23 20:32:28 INFO  (main)] - Config - threadPoolSize: 50
[2025-05-23 20:32:28 INFO  (main)] - Config - client.data.size.max: 1024
[2025-05-23 20:32:28 INFO  (main)] - Config - game.arena.active: true
[2025-05-23 20:32:28 INFO  (main)] - Config - db.host: localhost
[2025-05-23 20:32:28 INFO  (main)] - Config - game.skill.version: 35
[2025-05-23 20:32:28 INFO  (main)] - Config - game.EXP: 1
[2025-05-23 20:32:28 INFO  (main)] - Config - mongodb.dbname: admin
[2025-05-23 20:32:29 INFO  (main)] - DB Connection Pool has created.
[2025-05-23 20:32:31 INFO  (main)] - Loading list leader board
[2025-05-23 20:32:31 INFO  (main)] - Load list leader board successfully
[2025-05-23 20:32:31 INFO  (main)] - Loading clan data
[2025-05-23 20:32:31 INFO  (main)] - Load clan data successfully
[2025-05-23 20:32:31 INFO  (main)] - Load TDB
[2025-05-23 20:32:32 INFO  (main)] - load finish:Thiên bảng
[2025-05-23 20:32:32 INFO  (main)] - load finish:Địa bảng
[2025-05-23 20:32:32 INFO  (main)] - Load TDB successfully
[2025-05-23 20:32:32 INFO  (Ranked)] - Refresh ranked success.
[2025-05-23 20:32:32 INFO  (main)] - Tự động bảo trì 0h0
[2025-05-23 20:32:32 INFO  (main)] - Start socket post=14444
[2025-05-23 20:32:32 INFO  (main)] - Start server Success!
[2025-05-23 20:32:32 INFO  (Thread-346)] - Connect to socket server successfully!
[2025-05-23 20:34:03 INFO  (main)] - Config - db.password: 
[2025-05-23 20:34:03 INFO  (main)] - Config - game.shinwa.fee: 5000
[2025-05-23 20:34:03 INFO  (main)] - Config - mongodb.password: 
[2025-05-23 20:34:03 INFO  (main)] - Config - server.log.display: false
[2025-05-23 20:34:03 INFO  (main)] - Config - mongodb.host: localhost
[2025-05-23 20:34:03 INFO  (main)] - Config - mongodb.port: 27017
[2025-05-23 20:34:03 INFO  (main)] - Config - db.user: root
[2025-05-23 20:34:03 INFO  (main)] - Config - game.quantity.display.max: 65535
[2025-05-23 20:34:03 INFO  (main)] - Config - game.data.version: 56
[2025-05-23 20:34:03 INFO  (main)] - Config - scheduledPoolSize: 20
[2025-05-23 20:34:03 INFO  (main)] - Config - db.port: 3306
[2025-05-23 20:34:03 INFO  (main)] - Config - server.port: 14444
[2025-05-23 20:34:03 INFO  (main)] - Config - db.minconnections: 15
[2025-05-23 20:34:03 INFO  (main)] - Config - websocket.host: ws://localhost
[2025-05-23 20:34:03 INFO  (main)] - Config - server.id: 1
[2025-05-23 20:34:03 INFO  (main)] - Config - game.shinwa.active: true
[2025-05-23 20:34:03 INFO  (main)] - Config - game.login.limit: 20
[2025-05-23 20:34:03 INFO  (main)] - Config - db.maxconnections: 20
[2025-05-23 20:34:03 INFO  (main)] - Config - game.item.version: 46
[2025-05-23 20:34:03 INFO  (main)] - Config - game.store.discount: 0
[2025-05-23 20:34:03 INFO  (main)] - Config - game.shinwa.player.max: 20
[2025-05-23 20:34:03 INFO  (main)] - Config - server.notification: Hellos
[2025-05-23 20:34:03 INFO  (main)] - Config - game.map.version: 36
[2025-05-23 20:34:03 INFO  (main)] - Config - ï»¿#Cau: hinh
[2025-05-23 20:34:03 INFO  (main)] - Config - mongodb.user: root
[2025-05-23 20:34:03 INFO  (main)] - Config - game.event: com.nsoz.event.LunarNewYear
[2025-05-23 20:34:03 INFO  (main)] - Config - game.shinwa.max: 10000
[2025-05-23 20:34:03 INFO  (main)] - Config - game.upgrade.percent.add: 0
[2025-05-23 20:34:03 INFO  (main)] - Config - websocket.port: 8020
[2025-05-23 20:34:03 INFO  (main)] - Config - db.driver: com.mysql.cj.jdbc.Driver
[2025-05-23 20:34:03 INFO  (main)] - Config - db.dbname: nsozace
[2025-05-23 20:34:03 INFO  (main)] - Config - threadPoolSize: 50
[2025-05-23 20:34:03 INFO  (main)] - Config - client.data.size.max: 1024
[2025-05-23 20:34:03 INFO  (main)] - Config - game.arena.active: true
[2025-05-23 20:34:03 INFO  (main)] - Config - db.host: localhost
[2025-05-23 20:34:03 INFO  (main)] - Config - game.skill.version: 35
[2025-05-23 20:34:03 INFO  (main)] - Config - game.EXP: 1
[2025-05-23 20:34:03 INFO  (main)] - Config - mongodb.dbname: admin
[2025-05-23 20:34:03 INFO  (main)] - DB Connection Pool has created.
[2025-05-23 20:34:06 INFO  (main)] - Loading list leader board
[2025-05-23 20:34:06 INFO  (main)] - Load list leader board successfully
[2025-05-23 20:34:06 INFO  (main)] - Loading clan data
[2025-05-23 20:34:06 INFO  (main)] - Load clan data successfully
[2025-05-23 20:34:06 INFO  (main)] - Load TDB
[2025-05-23 20:34:06 INFO  (main)] - load finish:Thiên bảng
[2025-05-23 20:34:06 INFO  (main)] - load finish:Địa bảng
[2025-05-23 20:34:06 INFO  (main)] - Load TDB successfully
[2025-05-23 20:34:06 INFO  (Ranked)] - Refresh ranked success.
[2025-05-23 20:34:06 INFO  (main)] - Tự động bảo trì 0h0
[2025-05-23 20:34:06 INFO  (main)] - Start socket post=14444
[2025-05-23 20:34:06 INFO  (main)] - Start server Success!
[2025-05-23 20:34:06 INFO  (Thread-346)] - Connect to socket server successfully!
[2025-05-23 20:34:51 INFO  (main)] - Config - db.password: 
[2025-05-23 20:34:51 INFO  (main)] - Config - game.shinwa.fee: 5000
[2025-05-23 20:34:51 INFO  (main)] - Config - mongodb.password: 
[2025-05-23 20:34:51 INFO  (main)] - Config - server.log.display: false
[2025-05-23 20:34:51 INFO  (main)] - Config - mongodb.host: localhost
[2025-05-23 20:34:51 INFO  (main)] - Config - mongodb.port: 27017
[2025-05-23 20:34:51 INFO  (main)] - Config - db.user: root
[2025-05-23 20:34:51 INFO  (main)] - Config - game.quantity.display.max: 65535
[2025-05-23 20:34:51 INFO  (main)] - Config - game.data.version: 56
[2025-05-23 20:34:51 INFO  (main)] - Config - scheduledPoolSize: 20
[2025-05-23 20:34:51 INFO  (main)] - Config - db.port: 3306
[2025-05-23 20:34:51 INFO  (main)] - Config - server.port: 14444
[2025-05-23 20:34:51 INFO  (main)] - Config - db.minconnections: 15
[2025-05-23 20:34:51 INFO  (main)] - Config - websocket.host: ws://localhost
[2025-05-23 20:34:51 INFO  (main)] - Config - server.id: 1
[2025-05-23 20:34:51 INFO  (main)] - Config - game.shinwa.active: true
[2025-05-23 20:34:51 INFO  (main)] - Config - game.login.limit: 20
[2025-05-23 20:34:51 INFO  (main)] - Config - db.maxconnections: 20
[2025-05-23 20:34:51 INFO  (main)] - Config - game.item.version: 46
[2025-05-23 20:34:51 INFO  (main)] - Config - game.store.discount: 0
[2025-05-23 20:34:51 INFO  (main)] - Config - game.shinwa.player.max: 20
[2025-05-23 20:34:51 INFO  (main)] - Config - server.notification: Hellos
[2025-05-23 20:34:51 INFO  (main)] - Config - game.map.version: 36
[2025-05-23 20:34:51 INFO  (main)] - Config - ï»¿#Cau: hinh
[2025-05-23 20:34:51 INFO  (main)] - Config - mongodb.user: root
[2025-05-23 20:34:51 INFO  (main)] - Config - game.event: com.nsoz.event.LunarNewYear
[2025-05-23 20:34:51 INFO  (main)] - Config - game.shinwa.max: 10000
[2025-05-23 20:34:51 INFO  (main)] - Config - game.upgrade.percent.add: 0
[2025-05-23 20:34:51 INFO  (main)] - Config - websocket.port: 8020
[2025-05-23 20:34:51 INFO  (main)] - Config - db.driver: com.mysql.cj.jdbc.Driver
[2025-05-23 20:34:51 INFO  (main)] - Config - db.dbname: nsozace
[2025-05-23 20:34:51 INFO  (main)] - Config - threadPoolSize: 50
[2025-05-23 20:34:51 INFO  (main)] - Config - client.data.size.max: 1024
[2025-05-23 20:34:51 INFO  (main)] - Config - game.arena.active: true
[2025-05-23 20:34:51 INFO  (main)] - Config - db.host: localhost
[2025-05-23 20:34:51 INFO  (main)] - Config - game.skill.version: 35
[2025-05-23 20:34:51 INFO  (main)] - Config - game.EXP: 1
[2025-05-23 20:34:51 INFO  (main)] - Config - mongodb.dbname: admin
[2025-05-23 20:34:52 INFO  (main)] - DB Connection Pool has created.
[2025-05-23 20:34:54 INFO  (main)] - Loading list leader board
[2025-05-23 20:34:54 INFO  (main)] - Load list leader board successfully
[2025-05-23 20:34:54 INFO  (main)] - Loading clan data
[2025-05-23 20:34:54 INFO  (main)] - Load clan data successfully
[2025-05-23 20:34:54 INFO  (main)] - Load TDB
[2025-05-23 20:34:54 INFO  (main)] - load finish:Thiên bảng
[2025-05-23 20:34:54 INFO  (main)] - load finish:Địa bảng
[2025-05-23 20:34:54 INFO  (main)] - Load TDB successfully
[2025-05-23 20:34:54 INFO  (Ranked)] - Refresh ranked success.
[2025-05-23 20:34:54 INFO  (main)] - Tự động bảo trì 0h0
[2025-05-23 20:34:54 INFO  (main)] - Start socket post=14444
[2025-05-23 20:34:54 INFO  (main)] - Start server Success!
[2025-05-23 20:34:54 INFO  (Thread-346)] - Connect to socket server successfully!
[2025-05-23 20:36:19 INFO  (main)] - Config - db.password: 
[2025-05-23 20:36:19 INFO  (main)] - Config - game.shinwa.fee: 5000
[2025-05-23 20:36:19 INFO  (main)] - Config - mongodb.password: 
[2025-05-23 20:36:19 INFO  (main)] - Config - server.log.display: false
[2025-05-23 20:36:19 INFO  (main)] - Config - mongodb.host: localhost
[2025-05-23 20:36:19 INFO  (main)] - Config - mongodb.port: 27017
[2025-05-23 20:36:19 INFO  (main)] - Config - db.user: root
[2025-05-23 20:36:19 INFO  (main)] - Config - game.quantity.display.max: 65535
[2025-05-23 20:36:19 INFO  (main)] - Config - game.data.version: 56
[2025-05-23 20:36:19 INFO  (main)] - Config - scheduledPoolSize: 20
[2025-05-23 20:36:19 INFO  (main)] - Config - db.port: 3306
[2025-05-23 20:36:19 INFO  (main)] - Config - server.port: 14444
[2025-05-23 20:36:19 INFO  (main)] - Config - db.minconnections: 15
[2025-05-23 20:36:19 INFO  (main)] - Config - websocket.host: ws://localhost
[2025-05-23 20:36:19 INFO  (main)] - Config - server.id: 1
[2025-05-23 20:36:19 INFO  (main)] - Config - game.shinwa.active: true
[2025-05-23 20:36:19 INFO  (main)] - Config - game.login.limit: 20
[2025-05-23 20:36:19 INFO  (main)] - Config - db.maxconnections: 20
[2025-05-23 20:36:19 INFO  (main)] - Config - game.item.version: 46
[2025-05-23 20:36:19 INFO  (main)] - Config - game.store.discount: 0
[2025-05-23 20:36:19 INFO  (main)] - Config - game.shinwa.player.max: 20
[2025-05-23 20:36:19 INFO  (main)] - Config - server.notification: Hellos
[2025-05-23 20:36:19 INFO  (main)] - Config - game.map.version: 36
[2025-05-23 20:36:19 INFO  (main)] - Config - ï»¿#Cau: hinh
[2025-05-23 20:36:19 INFO  (main)] - Config - mongodb.user: root
[2025-05-23 20:36:19 INFO  (main)] - Config - game.event: com.nsoz.event.LunarNewYear
[2025-05-23 20:36:19 INFO  (main)] - Config - game.shinwa.max: 10000
[2025-05-23 20:36:19 INFO  (main)] - Config - game.upgrade.percent.add: 0
[2025-05-23 20:36:19 INFO  (main)] - Config - websocket.port: 8020
[2025-05-23 20:36:19 INFO  (main)] - Config - db.driver: com.mysql.cj.jdbc.Driver
[2025-05-23 20:36:19 INFO  (main)] - Config - db.dbname: nsozace
[2025-05-23 20:36:19 INFO  (main)] - Config - threadPoolSize: 50
[2025-05-23 20:36:19 INFO  (main)] - Config - client.data.size.max: 1024
[2025-05-23 20:36:19 INFO  (main)] - Config - game.arena.active: true
[2025-05-23 20:36:19 INFO  (main)] - Config - db.host: localhost
[2025-05-23 20:36:19 INFO  (main)] - Config - game.skill.version: 35
[2025-05-23 20:36:19 INFO  (main)] - Config - game.EXP: 1
[2025-05-23 20:36:19 INFO  (main)] - Config - mongodb.dbname: admin
[2025-05-23 20:36:19 INFO  (main)] - DB Connection Pool has created.
[2025-05-23 20:36:22 INFO  (main)] - Loading list leader board
[2025-05-23 20:36:22 INFO  (main)] - Load list leader board successfully
[2025-05-23 20:36:22 INFO  (main)] - Loading clan data
[2025-05-23 20:36:22 INFO  (main)] - Load clan data successfully
[2025-05-23 20:36:22 INFO  (main)] - Load TDB
[2025-05-23 20:36:22 INFO  (main)] - load finish:Thiên bảng
[2025-05-23 20:36:22 INFO  (main)] - load finish:Địa bảng
[2025-05-23 20:36:22 INFO  (main)] - Load TDB successfully
[2025-05-23 20:36:22 INFO  (Ranked)] - Refresh ranked success.
[2025-05-23 20:36:22 INFO  (main)] - Tự động bảo trì 0h0
[2025-05-23 20:36:22 INFO  (main)] - Start socket post=14444
[2025-05-23 20:36:22 INFO  (main)] - Start server Success!
[2025-05-23 20:36:22 INFO  (Thread-346)] - Connect to socket server successfully!
[2025-05-23 20:36:37 INFO  (main)] - Config - db.password: 
[2025-05-23 20:36:37 INFO  (main)] - Config - game.shinwa.fee: 5000
[2025-05-23 20:36:37 INFO  (main)] - Config - mongodb.password: 
[2025-05-23 20:36:37 INFO  (main)] - Config - server.log.display: false
[2025-05-23 20:36:37 INFO  (main)] - Config - mongodb.host: localhost
[2025-05-23 20:36:37 INFO  (main)] - Config - mongodb.port: 27017
[2025-05-23 20:36:37 INFO  (main)] - Config - db.user: root
[2025-05-23 20:36:37 INFO  (main)] - Config - game.quantity.display.max: 65535
[2025-05-23 20:36:37 INFO  (main)] - Config - game.data.version: 56
[2025-05-23 20:36:37 INFO  (main)] - Config - scheduledPoolSize: 20
[2025-05-23 20:36:37 INFO  (main)] - Config - db.port: 3306
[2025-05-23 20:36:37 INFO  (main)] - Config - server.port: 14444
[2025-05-23 20:36:37 INFO  (main)] - Config - db.minconnections: 15
[2025-05-23 20:36:37 INFO  (main)] - Config - websocket.host: ws://localhost
[2025-05-23 20:36:37 INFO  (main)] - Config - server.id: 1
[2025-05-23 20:36:37 INFO  (main)] - Config - game.shinwa.active: true
[2025-05-23 20:36:37 INFO  (main)] - Config - game.login.limit: 20
[2025-05-23 20:36:37 INFO  (main)] - Config - db.maxconnections: 20
[2025-05-23 20:36:37 INFO  (main)] - Config - game.item.version: 46
[2025-05-23 20:36:37 INFO  (main)] - Config - game.store.discount: 0
[2025-05-23 20:36:37 INFO  (main)] - Config - game.shinwa.player.max: 20
[2025-05-23 20:36:37 INFO  (main)] - Config - server.notification: Hellos
[2025-05-23 20:36:37 INFO  (main)] - Config - game.map.version: 36
[2025-05-23 20:36:37 INFO  (main)] - Config - ï»¿#Cau: hinh
[2025-05-23 20:36:37 INFO  (main)] - Config - mongodb.user: root
[2025-05-23 20:36:37 INFO  (main)] - Config - game.event: com.nsoz.event.LunarNewYear
[2025-05-23 20:36:37 INFO  (main)] - Config - game.shinwa.max: 10000
[2025-05-23 20:36:37 INFO  (main)] - Config - game.upgrade.percent.add: 0
[2025-05-23 20:36:37 INFO  (main)] - Config - websocket.port: 8020
[2025-05-23 20:36:37 INFO  (main)] - Config - db.driver: com.mysql.cj.jdbc.Driver
[2025-05-23 20:36:37 INFO  (main)] - Config - db.dbname: nsozace
[2025-05-23 20:36:37 INFO  (main)] - Config - threadPoolSize: 50
[2025-05-23 20:36:37 INFO  (main)] - Config - client.data.size.max: 1024
[2025-05-23 20:36:37 INFO  (main)] - Config - game.arena.active: true
[2025-05-23 20:36:37 INFO  (main)] - Config - db.host: localhost
[2025-05-23 20:36:37 INFO  (main)] - Config - game.skill.version: 35
[2025-05-23 20:36:37 INFO  (main)] - Config - game.EXP: 1
[2025-05-23 20:36:37 INFO  (main)] - Config - mongodb.dbname: admin
[2025-05-23 20:36:37 INFO  (main)] - DB Connection Pool has created.
[2025-05-23 20:36:39 INFO  (main)] - Loading list leader board
[2025-05-23 20:36:39 INFO  (main)] - Load list leader board successfully
[2025-05-23 20:36:39 INFO  (main)] - Loading clan data
[2025-05-23 20:36:39 INFO  (main)] - Load clan data successfully
[2025-05-23 20:36:39 INFO  (main)] - Load TDB
[2025-05-23 20:36:39 INFO  (main)] - load finish:Thiên bảng
[2025-05-23 20:36:39 INFO  (main)] - load finish:Địa bảng
[2025-05-23 20:36:39 INFO  (main)] - Load TDB successfully
[2025-05-23 20:36:39 INFO  (Ranked)] - Refresh ranked success.
[2025-05-23 20:36:39 INFO  (main)] - Tự động bảo trì 0h0
[2025-05-23 20:36:39 INFO  (main)] - Start socket post=14444
[2025-05-23 20:36:39 INFO  (main)] - Start server Success!
[2025-05-23 20:36:39 INFO  (Thread-346)] - Connect to socket server successfully!
[2025-05-23 20:38:35 INFO  (main)] - Config - db.password: 
[2025-05-23 20:38:35 INFO  (main)] - Config - game.shinwa.fee: 5000
[2025-05-23 20:38:35 INFO  (main)] - Config - mongodb.password: 
[2025-05-23 20:38:35 INFO  (main)] - Config - server.log.display: false
[2025-05-23 20:38:35 INFO  (main)] - Config - mongodb.host: localhost
[2025-05-23 20:38:35 INFO  (main)] - Config - mongodb.port: 27017
[2025-05-23 20:38:35 INFO  (main)] - Config - db.user: root
[2025-05-23 20:38:35 INFO  (main)] - Config - game.quantity.display.max: 65535
[2025-05-23 20:38:35 INFO  (main)] - Config - game.data.version: 56
[2025-05-23 20:38:35 INFO  (main)] - Config - scheduledPoolSize: 20
[2025-05-23 20:38:35 INFO  (main)] - Config - db.port: 3306
[2025-05-23 20:38:35 INFO  (main)] - Config - server.port: 14444
[2025-05-23 20:38:35 INFO  (main)] - Config - db.minconnections: 15
[2025-05-23 20:38:35 INFO  (main)] - Config - websocket.host: ws://localhost
[2025-05-23 20:38:35 INFO  (main)] - Config - server.id: 1
[2025-05-23 20:38:35 INFO  (main)] - Config - game.shinwa.active: true
[2025-05-23 20:38:35 INFO  (main)] - Config - game.login.limit: 20
[2025-05-23 20:38:35 INFO  (main)] - Config - db.maxconnections: 20
[2025-05-23 20:38:35 INFO  (main)] - Config - game.item.version: 46
[2025-05-23 20:38:35 INFO  (main)] - Config - game.store.discount: 0
[2025-05-23 20:38:35 INFO  (main)] - Config - game.shinwa.player.max: 20
[2025-05-23 20:38:35 INFO  (main)] - Config - server.notification: Hellos
[2025-05-23 20:38:35 INFO  (main)] - Config - game.map.version: 36
[2025-05-23 20:38:35 INFO  (main)] - Config - ï»¿#Cau: hinh
[2025-05-23 20:38:35 INFO  (main)] - Config - mongodb.user: root
[2025-05-23 20:38:35 INFO  (main)] - Config - game.event: com.nsoz.event.LunarNewYear
[2025-05-23 20:38:35 INFO  (main)] - Config - game.shinwa.max: 10000
[2025-05-23 20:38:35 INFO  (main)] - Config - game.upgrade.percent.add: 0
[2025-05-23 20:38:35 INFO  (main)] - Config - websocket.port: 8020
[2025-05-23 20:38:35 INFO  (main)] - Config - db.driver: com.mysql.cj.jdbc.Driver
[2025-05-23 20:38:35 INFO  (main)] - Config - db.dbname: nsozace
[2025-05-23 20:38:35 INFO  (main)] - Config - threadPoolSize: 50
[2025-05-23 20:38:35 INFO  (main)] - Config - client.data.size.max: 1024
[2025-05-23 20:38:35 INFO  (main)] - Config - game.arena.active: true
[2025-05-23 20:38:35 INFO  (main)] - Config - db.host: localhost
[2025-05-23 20:38:35 INFO  (main)] - Config - game.skill.version: 35
[2025-05-23 20:38:35 INFO  (main)] - Config - game.EXP: 1
[2025-05-23 20:38:35 INFO  (main)] - Config - mongodb.dbname: admin
[2025-05-23 20:38:35 INFO  (main)] - DB Connection Pool has created.
[2025-05-23 20:38:38 INFO  (main)] - Loading list leader board
[2025-05-23 20:38:38 INFO  (main)] - Load list leader board successfully
[2025-05-23 20:38:38 INFO  (main)] - Loading clan data
[2025-05-23 20:38:38 INFO  (main)] - Load clan data successfully
[2025-05-23 20:38:38 INFO  (main)] - Load TDB
[2025-05-23 20:38:38 INFO  (main)] - load finish:Thiên bảng
[2025-05-23 20:38:38 INFO  (main)] - load finish:Địa bảng
[2025-05-23 20:38:38 INFO  (main)] - Load TDB successfully
[2025-05-23 20:38:38 INFO  (Ranked)] - Refresh ranked success.
[2025-05-23 20:38:38 INFO  (main)] - Tự động bảo trì 0h0
[2025-05-23 20:38:38 INFO  (main)] - Start socket post=14444
[2025-05-23 20:38:38 INFO  (main)] - Start server Success!
[2025-05-23 20:38:38 INFO  (Thread-346)] - Connect to socket server successfully!
[2025-05-23 20:39:47 INFO  (main)] - Config - db.password: 
[2025-05-23 20:39:47 INFO  (main)] - Config - game.shinwa.fee: 5000
[2025-05-23 20:39:47 INFO  (main)] - Config - mongodb.password: 
[2025-05-23 20:39:47 INFO  (main)] - Config - server.log.display: false
[2025-05-23 20:39:47 INFO  (main)] - Config - mongodb.host: localhost
[2025-05-23 20:39:47 INFO  (main)] - Config - mongodb.port: 27017
[2025-05-23 20:39:47 INFO  (main)] - Config - db.user: root
[2025-05-23 20:39:47 INFO  (main)] - Config - game.quantity.display.max: 65535
[2025-05-23 20:39:47 INFO  (main)] - Config - game.data.version: 56
[2025-05-23 20:39:47 INFO  (main)] - Config - scheduledPoolSize: 20
[2025-05-23 20:39:47 INFO  (main)] - Config - db.port: 3306
[2025-05-23 20:39:47 INFO  (main)] - Config - server.port: 14444
[2025-05-23 20:39:47 INFO  (main)] - Config - db.minconnections: 15
[2025-05-23 20:39:47 INFO  (main)] - Config - websocket.host: ws://localhost
[2025-05-23 20:39:47 INFO  (main)] - Config - server.id: 1
[2025-05-23 20:39:47 INFO  (main)] - Config - game.shinwa.active: true
[2025-05-23 20:39:47 INFO  (main)] - Config - game.login.limit: 20
[2025-05-23 20:39:47 INFO  (main)] - Config - db.maxconnections: 20
[2025-05-23 20:39:47 INFO  (main)] - Config - game.item.version: 46
[2025-05-23 20:39:47 INFO  (main)] - Config - game.store.discount: 0
[2025-05-23 20:39:47 INFO  (main)] - Config - game.shinwa.player.max: 20
[2025-05-23 20:39:47 INFO  (main)] - Config - server.notification: Hellos
[2025-05-23 20:39:47 INFO  (main)] - Config - game.map.version: 36
[2025-05-23 20:39:47 INFO  (main)] - Config - ï»¿#Cau: hinh
[2025-05-23 20:39:47 INFO  (main)] - Config - mongodb.user: root
[2025-05-23 20:39:47 INFO  (main)] - Config - game.event: com.nsoz.event.LunarNewYear
[2025-05-23 20:39:47 INFO  (main)] - Config - game.shinwa.max: 10000
[2025-05-23 20:39:47 INFO  (main)] - Config - game.upgrade.percent.add: 0
[2025-05-23 20:39:47 INFO  (main)] - Config - websocket.port: 8020
[2025-05-23 20:39:47 INFO  (main)] - Config - db.driver: com.mysql.cj.jdbc.Driver
[2025-05-23 20:39:47 INFO  (main)] - Config - db.dbname: nsozace
[2025-05-23 20:39:47 INFO  (main)] - Config - threadPoolSize: 50
[2025-05-23 20:39:47 INFO  (main)] - Config - client.data.size.max: 1024
[2025-05-23 20:39:47 INFO  (main)] - Config - game.arena.active: true
[2025-05-23 20:39:47 INFO  (main)] - Config - db.host: localhost
[2025-05-23 20:39:47 INFO  (main)] - Config - game.skill.version: 35
[2025-05-23 20:39:47 INFO  (main)] - Config - game.EXP: 1
[2025-05-23 20:39:47 INFO  (main)] - Config - mongodb.dbname: admin
[2025-05-23 20:39:47 INFO  (main)] - DB Connection Pool has created.
[2025-05-23 20:39:50 INFO  (main)] - Loading list leader board
[2025-05-23 20:39:50 INFO  (main)] - Load list leader board successfully
[2025-05-23 20:39:50 INFO  (main)] - Loading clan data
[2025-05-23 20:39:50 INFO  (main)] - Load clan data successfully
[2025-05-23 20:39:50 INFO  (main)] - Load TDB
[2025-05-23 20:39:50 INFO  (main)] - load finish:Thiên bảng
[2025-05-23 20:39:50 INFO  (main)] - load finish:Địa bảng
[2025-05-23 20:39:50 INFO  (main)] - Load TDB successfully
[2025-05-23 20:39:50 INFO  (Ranked)] - Refresh ranked success.
[2025-05-23 20:39:51 INFO  (main)] - Tự động bảo trì 0h0
[2025-05-23 20:39:51 INFO  (main)] - Start socket post=14444
[2025-05-23 20:39:51 INFO  (main)] - Start server Success!
[2025-05-23 20:39:51 INFO  (Thread-346)] - Connect to socket server successfully!
[2025-05-23 20:40:28 INFO  (main)] - Config - db.password: 
[2025-05-23 20:40:28 INFO  (main)] - Config - game.shinwa.fee: 5000
[2025-05-23 20:40:28 INFO  (main)] - Config - mongodb.password: 
[2025-05-23 20:40:28 INFO  (main)] - Config - server.log.display: false
[2025-05-23 20:40:28 INFO  (main)] - Config - mongodb.host: localhost
[2025-05-23 20:40:28 INFO  (main)] - Config - mongodb.port: 27017
[2025-05-23 20:40:28 INFO  (main)] - Config - db.user: root
[2025-05-23 20:40:28 INFO  (main)] - Config - game.quantity.display.max: 65535
[2025-05-23 20:40:28 INFO  (main)] - Config - game.data.version: 56
[2025-05-23 20:40:28 INFO  (main)] - Config - scheduledPoolSize: 20
[2025-05-23 20:40:28 INFO  (main)] - Config - db.port: 3306
[2025-05-23 20:40:28 INFO  (main)] - Config - server.port: 14444
[2025-05-23 20:40:28 INFO  (main)] - Config - db.minconnections: 15
[2025-05-23 20:40:28 INFO  (main)] - Config - websocket.host: ws://localhost
[2025-05-23 20:40:28 INFO  (main)] - Config - server.id: 1
[2025-05-23 20:40:28 INFO  (main)] - Config - game.shinwa.active: true
[2025-05-23 20:40:28 INFO  (main)] - Config - game.login.limit: 20
[2025-05-23 20:40:28 INFO  (main)] - Config - db.maxconnections: 20
[2025-05-23 20:40:28 INFO  (main)] - Config - game.item.version: 46
[2025-05-23 20:40:28 INFO  (main)] - Config - game.store.discount: 0
[2025-05-23 20:40:28 INFO  (main)] - Config - game.shinwa.player.max: 20
[2025-05-23 20:40:28 INFO  (main)] - Config - server.notification: Hellos
[2025-05-23 20:40:28 INFO  (main)] - Config - game.map.version: 36
[2025-05-23 20:40:28 INFO  (main)] - Config - ï»¿#Cau: hinh
[2025-05-23 20:40:28 INFO  (main)] - Config - mongodb.user: root
[2025-05-23 20:40:28 INFO  (main)] - Config - game.event: com.nsoz.event.LunarNewYear
[2025-05-23 20:40:28 INFO  (main)] - Config - game.shinwa.max: 10000
[2025-05-23 20:40:28 INFO  (main)] - Config - game.upgrade.percent.add: 0
[2025-05-23 20:40:28 INFO  (main)] - Config - websocket.port: 8020
[2025-05-23 20:40:28 INFO  (main)] - Config - db.driver: com.mysql.cj.jdbc.Driver
[2025-05-23 20:40:28 INFO  (main)] - Config - db.dbname: nsozace
[2025-05-23 20:40:28 INFO  (main)] - Config - threadPoolSize: 50
[2025-05-23 20:40:28 INFO  (main)] - Config - client.data.size.max: 1024
[2025-05-23 20:40:28 INFO  (main)] - Config - game.arena.active: true
[2025-05-23 20:40:28 INFO  (main)] - Config - db.host: localhost
[2025-05-23 20:40:28 INFO  (main)] - Config - game.skill.version: 35
[2025-05-23 20:40:28 INFO  (main)] - Config - game.EXP: 1
[2025-05-23 20:40:28 INFO  (main)] - Config - mongodb.dbname: admin
[2025-05-23 20:40:28 INFO  (main)] - DB Connection Pool has created.
[2025-05-23 20:40:31 INFO  (main)] - Loading list leader board
[2025-05-23 20:40:32 INFO  (main)] - Load list leader board successfully
[2025-05-23 20:40:32 INFO  (main)] - Loading clan data
[2025-05-23 20:40:32 INFO  (main)] - Load clan data successfully
[2025-05-23 20:40:32 INFO  (main)] - Load TDB
[2025-05-23 20:40:32 INFO  (main)] - load finish:Thiên bảng
[2025-05-23 20:40:32 INFO  (main)] - load finish:Địa bảng
[2025-05-23 20:40:32 INFO  (main)] - Load TDB successfully
[2025-05-23 20:40:32 INFO  (Ranked)] - Refresh ranked success.
[2025-05-23 20:40:32 INFO  (main)] - Tự động bảo trì 0h0
[2025-05-23 20:40:32 INFO  (main)] - Start socket post=14444
[2025-05-23 20:40:32 INFO  (main)] - Start server Success!
[2025-05-23 20:40:32 INFO  (Thread-346)] - Connect to socket server successfully!
[2025-05-23 20:42:54 INFO  (main)] - Config - db.password: 
[2025-05-23 20:42:54 INFO  (main)] - Config - game.shinwa.fee: 5000
[2025-05-23 20:42:54 INFO  (main)] - Config - mongodb.password: 
[2025-05-23 20:42:54 INFO  (main)] - Config - server.log.display: false
[2025-05-23 20:42:54 INFO  (main)] - Config - mongodb.host: localhost
[2025-05-23 20:42:54 INFO  (main)] - Config - mongodb.port: 27017
[2025-05-23 20:42:54 INFO  (main)] - Config - db.user: root
[2025-05-23 20:42:54 INFO  (main)] - Config - game.quantity.display.max: 65535
[2025-05-23 20:42:54 INFO  (main)] - Config - game.data.version: 56
[2025-05-23 20:42:54 INFO  (main)] - Config - scheduledPoolSize: 20
[2025-05-23 20:42:54 INFO  (main)] - Config - db.port: 3306
[2025-05-23 20:42:54 INFO  (main)] - Config - server.port: 14444
[2025-05-23 20:42:54 INFO  (main)] - Config - db.minconnections: 15
[2025-05-23 20:42:54 INFO  (main)] - Config - websocket.host: ws://localhost
[2025-05-23 20:42:54 INFO  (main)] - Config - server.id: 1
[2025-05-23 20:42:54 INFO  (main)] - Config - game.shinwa.active: true
[2025-05-23 20:42:54 INFO  (main)] - Config - game.login.limit: 20
[2025-05-23 20:42:54 INFO  (main)] - Config - db.maxconnections: 20
[2025-05-23 20:42:54 INFO  (main)] - Config - game.item.version: 46
[2025-05-23 20:42:54 INFO  (main)] - Config - game.store.discount: 0
[2025-05-23 20:42:54 INFO  (main)] - Config - game.shinwa.player.max: 20
[2025-05-23 20:42:54 INFO  (main)] - Config - server.notification: Hellos
[2025-05-23 20:42:54 INFO  (main)] - Config - game.map.version: 36
[2025-05-23 20:42:54 INFO  (main)] - Config - ï»¿#Cau: hinh
[2025-05-23 20:42:54 INFO  (main)] - Config - mongodb.user: root
[2025-05-23 20:42:54 INFO  (main)] - Config - game.event: com.nsoz.event.LunarNewYear
[2025-05-23 20:42:54 INFO  (main)] - Config - game.shinwa.max: 10000
[2025-05-23 20:42:54 INFO  (main)] - Config - game.upgrade.percent.add: 0
[2025-05-23 20:42:54 INFO  (main)] - Config - websocket.port: 8020
[2025-05-23 20:42:54 INFO  (main)] - Config - db.driver: com.mysql.cj.jdbc.Driver
[2025-05-23 20:42:54 INFO  (main)] - Config - db.dbname: nsozace
[2025-05-23 20:42:54 INFO  (main)] - Config - threadPoolSize: 50
[2025-05-23 20:42:54 INFO  (main)] - Config - client.data.size.max: 1024
[2025-05-23 20:42:54 INFO  (main)] - Config - game.arena.active: true
[2025-05-23 20:42:54 INFO  (main)] - Config - db.host: localhost
[2025-05-23 20:42:54 INFO  (main)] - Config - game.skill.version: 35
[2025-05-23 20:42:54 INFO  (main)] - Config - game.EXP: 1
[2025-05-23 20:42:54 INFO  (main)] - Config - mongodb.dbname: admin
[2025-05-23 20:42:54 INFO  (main)] - DB Connection Pool has created.
[2025-05-23 20:42:56 INFO  (main)] - Loading list leader board
[2025-05-23 20:42:56 INFO  (main)] - Load list leader board successfully
[2025-05-23 20:42:56 INFO  (main)] - Loading clan data
[2025-05-23 20:42:56 INFO  (main)] - Load clan data successfully
[2025-05-23 20:42:56 INFO  (main)] - Load TDB
[2025-05-23 20:42:56 INFO  (main)] - load finish:Thiên bảng
[2025-05-23 20:42:56 INFO  (main)] - load finish:Địa bảng
[2025-05-23 20:42:56 INFO  (main)] - Load TDB successfully
[2025-05-23 20:42:56 INFO  (Ranked)] - Refresh ranked success.
[2025-05-23 20:42:57 INFO  (main)] - Tự động bảo trì 0h0
[2025-05-23 20:42:57 INFO  (main)] - Start socket post=14444
[2025-05-23 20:42:57 INFO  (main)] - Start server Success!
[2025-05-23 20:42:57 INFO  (Thread-346)] - Connect to socket server successfully!
[2025-05-23 20:43:15 INFO  (main)] - Config - db.password: 
[2025-05-23 20:43:15 INFO  (main)] - Config - game.shinwa.fee: 5000
[2025-05-23 20:43:15 INFO  (main)] - Config - mongodb.password: 
[2025-05-23 20:43:15 INFO  (main)] - Config - server.log.display: false
[2025-05-23 20:43:15 INFO  (main)] - Config - mongodb.host: localhost
[2025-05-23 20:43:15 INFO  (main)] - Config - mongodb.port: 27017
[2025-05-23 20:43:15 INFO  (main)] - Config - db.user: root
[2025-05-23 20:43:15 INFO  (main)] - Config - game.quantity.display.max: 65535
[2025-05-23 20:43:15 INFO  (main)] - Config - game.data.version: 56
[2025-05-23 20:43:15 INFO  (main)] - Config - scheduledPoolSize: 20
[2025-05-23 20:43:15 INFO  (main)] - Config - db.port: 3306
[2025-05-23 20:43:15 INFO  (main)] - Config - server.port: 14444
[2025-05-23 20:43:15 INFO  (main)] - Config - db.minconnections: 15
[2025-05-23 20:43:15 INFO  (main)] - Config - websocket.host: ws://localhost
[2025-05-23 20:43:15 INFO  (main)] - Config - server.id: 1
[2025-05-23 20:43:15 INFO  (main)] - Config - game.shinwa.active: true
[2025-05-23 20:43:15 INFO  (main)] - Config - game.login.limit: 20
[2025-05-23 20:43:15 INFO  (main)] - Config - db.maxconnections: 20
[2025-05-23 20:43:15 INFO  (main)] - Config - game.item.version: 46
[2025-05-23 20:43:15 INFO  (main)] - Config - game.store.discount: 0
[2025-05-23 20:43:15 INFO  (main)] - Config - game.shinwa.player.max: 20
[2025-05-23 20:43:15 INFO  (main)] - Config - server.notification: Hellos
[2025-05-23 20:43:15 INFO  (main)] - Config - game.map.version: 36
[2025-05-23 20:43:15 INFO  (main)] - Config - ï»¿#Cau: hinh
[2025-05-23 20:43:15 INFO  (main)] - Config - mongodb.user: root
[2025-05-23 20:43:15 INFO  (main)] - Config - game.event: com.nsoz.event.LunarNewYear
[2025-05-23 20:43:15 INFO  (main)] - Config - game.shinwa.max: 10000
[2025-05-23 20:43:15 INFO  (main)] - Config - game.upgrade.percent.add: 0
[2025-05-23 20:43:15 INFO  (main)] - Config - websocket.port: 8020
[2025-05-23 20:43:15 INFO  (main)] - Config - db.driver: com.mysql.cj.jdbc.Driver
[2025-05-23 20:43:15 INFO  (main)] - Config - db.dbname: nsozace
[2025-05-23 20:43:15 INFO  (main)] - Config - threadPoolSize: 50
[2025-05-23 20:43:15 INFO  (main)] - Config - client.data.size.max: 1024
[2025-05-23 20:43:15 INFO  (main)] - Config - game.arena.active: true
[2025-05-23 20:43:15 INFO  (main)] - Config - db.host: localhost
[2025-05-23 20:43:15 INFO  (main)] - Config - game.skill.version: 35
[2025-05-23 20:43:15 INFO  (main)] - Config - game.EXP: 1
[2025-05-23 20:43:15 INFO  (main)] - Config - mongodb.dbname: admin
[2025-05-23 20:43:15 INFO  (main)] - DB Connection Pool has created.
[2025-05-23 20:43:17 INFO  (main)] - Loading list leader board
[2025-05-23 20:43:17 INFO  (main)] - Load list leader board successfully
[2025-05-23 20:43:17 INFO  (main)] - Loading clan data
[2025-05-23 20:43:17 INFO  (main)] - Load clan data successfully
[2025-05-23 20:43:17 INFO  (main)] - Load TDB
[2025-05-23 20:43:17 INFO  (main)] - load finish:Thiên bảng
[2025-05-23 20:43:17 INFO  (main)] - load finish:Địa bảng
[2025-05-23 20:43:17 INFO  (main)] - Load TDB successfully
[2025-05-23 20:43:17 INFO  (Ranked)] - Refresh ranked success.
[2025-05-23 20:43:18 INFO  (main)] - Tự động bảo trì 0h0
[2025-05-23 20:43:18 INFO  (main)] - Start socket post=14444
[2025-05-23 20:43:18 INFO  (main)] - Start server Success!
[2025-05-23 20:43:18 INFO  (Thread-346)] - Connect to socket server successfully!
[2025-05-23 20:44:30 INFO  (main)] - Config - db.password: 
[2025-05-23 20:44:30 INFO  (main)] - Config - game.shinwa.fee: 5000
[2025-05-23 20:44:30 INFO  (main)] - Config - mongodb.password: 
[2025-05-23 20:44:30 INFO  (main)] - Config - server.log.display: false
[2025-05-23 20:44:30 INFO  (main)] - Config - mongodb.host: localhost
[2025-05-23 20:44:30 INFO  (main)] - Config - mongodb.port: 27017
[2025-05-23 20:44:30 INFO  (main)] - Config - db.user: root
[2025-05-23 20:44:30 INFO  (main)] - Config - game.quantity.display.max: 65535
[2025-05-23 20:44:30 INFO  (main)] - Config - game.data.version: 56
[2025-05-23 20:44:30 INFO  (main)] - Config - scheduledPoolSize: 20
[2025-05-23 20:44:30 INFO  (main)] - Config - db.port: 3306
[2025-05-23 20:44:30 INFO  (main)] - Config - server.port: 14444
[2025-05-23 20:44:30 INFO  (main)] - Config - db.minconnections: 15
[2025-05-23 20:44:30 INFO  (main)] - Config - websocket.host: ws://localhost
[2025-05-23 20:44:30 INFO  (main)] - Config - server.id: 1
[2025-05-23 20:44:30 INFO  (main)] - Config - game.shinwa.active: true
[2025-05-23 20:44:30 INFO  (main)] - Config - game.login.limit: 20
[2025-05-23 20:44:30 INFO  (main)] - Config - db.maxconnections: 20
[2025-05-23 20:44:30 INFO  (main)] - Config - game.item.version: 46
[2025-05-23 20:44:30 INFO  (main)] - Config - game.store.discount: 0
[2025-05-23 20:44:30 INFO  (main)] - Config - game.shinwa.player.max: 20
[2025-05-23 20:44:30 INFO  (main)] - Config - server.notification: Hellos
[2025-05-23 20:44:30 INFO  (main)] - Config - game.map.version: 36
[2025-05-23 20:44:30 INFO  (main)] - Config - ï»¿#Cau: hinh
[2025-05-23 20:44:30 INFO  (main)] - Config - mongodb.user: root
[2025-05-23 20:44:30 INFO  (main)] - Config - game.event: com.nsoz.event.LunarNewYear
[2025-05-23 20:44:30 INFO  (main)] - Config - game.shinwa.max: 10000
[2025-05-23 20:44:30 INFO  (main)] - Config - game.upgrade.percent.add: 0
[2025-05-23 20:44:30 INFO  (main)] - Config - websocket.port: 8020
[2025-05-23 20:44:30 INFO  (main)] - Config - db.driver: com.mysql.cj.jdbc.Driver
[2025-05-23 20:44:30 INFO  (main)] - Config - db.dbname: nsozace
[2025-05-23 20:44:30 INFO  (main)] - Config - threadPoolSize: 50
[2025-05-23 20:44:30 INFO  (main)] - Config - client.data.size.max: 1024
[2025-05-23 20:44:30 INFO  (main)] - Config - game.arena.active: true
[2025-05-23 20:44:30 INFO  (main)] - Config - db.host: localhost
[2025-05-23 20:44:30 INFO  (main)] - Config - game.skill.version: 35
[2025-05-23 20:44:30 INFO  (main)] - Config - game.EXP: 1
[2025-05-23 20:44:30 INFO  (main)] - Config - mongodb.dbname: admin
[2025-05-23 20:44:30 INFO  (main)] - DB Connection Pool has created.
[2025-05-23 20:44:34 INFO  (main)] - Loading list leader board
[2025-05-23 20:44:34 INFO  (main)] - Load list leader board successfully
[2025-05-23 20:44:34 INFO  (main)] - Loading clan data
[2025-05-23 20:44:34 INFO  (main)] - Load clan data successfully
[2025-05-23 20:44:34 INFO  (main)] - Load TDB
[2025-05-23 20:44:34 INFO  (main)] - load finish:Thiên bảng
[2025-05-23 20:44:34 INFO  (main)] - load finish:Địa bảng
[2025-05-23 20:44:34 INFO  (main)] - Load TDB successfully
[2025-05-23 20:44:34 INFO  (Ranked)] - Refresh ranked success.
[2025-05-23 20:44:34 INFO  (main)] - Tự động bảo trì 0h0
[2025-05-23 20:44:34 INFO  (main)] - Start socket post=14444
[2025-05-23 20:44:34 INFO  (main)] - Start server Success!
[2025-05-23 20:44:34 INFO  (Thread-346)] - Connect to socket server successfully!
[2025-05-23 20:54:05 INFO  (main)] - Config - db.password: 
[2025-05-23 20:54:05 INFO  (main)] - Config - game.shinwa.fee: 5000
[2025-05-23 20:54:05 INFO  (main)] - Config - mongodb.password: 
[2025-05-23 20:54:05 INFO  (main)] - Config - server.log.display: false
[2025-05-23 20:54:05 INFO  (main)] - Config - mongodb.host: localhost
[2025-05-23 20:54:05 INFO  (main)] - Config - mongodb.port: 27017
[2025-05-23 20:54:05 INFO  (main)] - Config - db.user: root
[2025-05-23 20:54:05 INFO  (main)] - Config - game.quantity.display.max: 65535
[2025-05-23 20:54:05 INFO  (main)] - Config - game.data.version: 56
[2025-05-23 20:54:05 INFO  (main)] - Config - scheduledPoolSize: 20
[2025-05-23 20:54:05 INFO  (main)] - Config - db.port: 3306
[2025-05-23 20:54:05 INFO  (main)] - Config - server.port: 14444
[2025-05-23 20:54:05 INFO  (main)] - Config - db.minconnections: 15
[2025-05-23 20:54:05 INFO  (main)] - Config - websocket.host: ws://localhost
[2025-05-23 20:54:05 INFO  (main)] - Config - server.id: 1
[2025-05-23 20:54:05 INFO  (main)] - Config - game.shinwa.active: true
[2025-05-23 20:54:05 INFO  (main)] - Config - game.login.limit: 20
[2025-05-23 20:54:05 INFO  (main)] - Config - db.maxconnections: 20
[2025-05-23 20:54:05 INFO  (main)] - Config - game.item.version: 46
[2025-05-23 20:54:05 INFO  (main)] - Config - game.store.discount: 0
[2025-05-23 20:54:05 INFO  (main)] - Config - game.shinwa.player.max: 20
[2025-05-23 20:54:05 INFO  (main)] - Config - server.notification: Hellos
[2025-05-23 20:54:05 INFO  (main)] - Config - game.map.version: 36
[2025-05-23 20:54:05 INFO  (main)] - Config - ï»¿#Cau: hinh
[2025-05-23 20:54:05 INFO  (main)] - Config - mongodb.user: root
[2025-05-23 20:54:05 INFO  (main)] - Config - game.event: com.nsoz.event.LunarNewYear
[2025-05-23 20:54:05 INFO  (main)] - Config - game.shinwa.max: 10000
[2025-05-23 20:54:05 INFO  (main)] - Config - game.upgrade.percent.add: 0
[2025-05-23 20:54:05 INFO  (main)] - Config - websocket.port: 8020
[2025-05-23 20:54:05 INFO  (main)] - Config - db.driver: com.mysql.cj.jdbc.Driver
[2025-05-23 20:54:05 INFO  (main)] - Config - db.dbname: nsozace
[2025-05-23 20:54:05 INFO  (main)] - Config - threadPoolSize: 50
[2025-05-23 20:54:05 INFO  (main)] - Config - client.data.size.max: 1024
[2025-05-23 20:54:05 INFO  (main)] - Config - game.arena.active: true
[2025-05-23 20:54:05 INFO  (main)] - Config - db.host: localhost
[2025-05-23 20:54:05 INFO  (main)] - Config - game.skill.version: 35
[2025-05-23 20:54:05 INFO  (main)] - Config - game.EXP: 1
[2025-05-23 20:54:05 INFO  (main)] - Config - mongodb.dbname: admin
[2025-05-23 20:54:05 INFO  (main)] - DB Connection Pool has created.
[2025-05-23 20:54:08 INFO  (main)] - Loading list leader board
[2025-05-23 20:54:08 INFO  (main)] - Load list leader board successfully
[2025-05-23 20:54:08 INFO  (main)] - Loading clan data
[2025-05-23 20:54:08 INFO  (main)] - Load clan data successfully
[2025-05-23 20:54:08 INFO  (main)] - Load TDB
[2025-05-23 20:54:08 INFO  (main)] - load finish:Thiên bảng
[2025-05-23 20:54:08 INFO  (main)] - load finish:Địa bảng
[2025-05-23 20:54:08 INFO  (main)] - Load TDB successfully
[2025-05-23 20:54:08 INFO  (Ranked)] - Refresh ranked success.
[2025-05-23 20:54:08 INFO  (main)] - Tự động bảo trì 0h0
[2025-05-23 20:54:08 INFO  (main)] - Start socket post=14444
[2025-05-23 20:54:08 INFO  (main)] - Start server Success!
[2025-05-23 20:54:08 INFO  (Thread-346)] - Connect to socket server successfully!
[2025-05-23 20:59:11 INFO  (main)] - Config - db.password: 
[2025-05-23 20:59:11 INFO  (main)] - Config - game.shinwa.fee: 5000
[2025-05-23 20:59:11 INFO  (main)] - Config - mongodb.password: 
[2025-05-23 20:59:11 INFO  (main)] - Config - server.log.display: false
[2025-05-23 20:59:11 INFO  (main)] - Config - mongodb.host: localhost
[2025-05-23 20:59:11 INFO  (main)] - Config - mongodb.port: 27017
[2025-05-23 20:59:11 INFO  (main)] - Config - db.user: root
[2025-05-23 20:59:11 INFO  (main)] - Config - game.quantity.display.max: 65535
[2025-05-23 20:59:11 INFO  (main)] - Config - game.data.version: 56
[2025-05-23 20:59:11 INFO  (main)] - Config - scheduledPoolSize: 20
[2025-05-23 20:59:11 INFO  (main)] - Config - db.port: 3306
[2025-05-23 20:59:11 INFO  (main)] - Config - server.port: 14444
[2025-05-23 20:59:11 INFO  (main)] - Config - db.minconnections: 15
[2025-05-23 20:59:11 INFO  (main)] - Config - websocket.host: ws://localhost
[2025-05-23 20:59:11 INFO  (main)] - Config - server.id: 1
[2025-05-23 20:59:11 INFO  (main)] - Config - game.shinwa.active: true
[2025-05-23 20:59:11 INFO  (main)] - Config - game.login.limit: 20
[2025-05-23 20:59:11 INFO  (main)] - Config - db.maxconnections: 20
[2025-05-23 20:59:11 INFO  (main)] - Config - game.item.version: 46
[2025-05-23 20:59:11 INFO  (main)] - Config - game.store.discount: 0
[2025-05-23 20:59:11 INFO  (main)] - Config - game.shinwa.player.max: 20
[2025-05-23 20:59:11 INFO  (main)] - Config - server.notification: Hellos
[2025-05-23 20:59:11 INFO  (main)] - Config - game.map.version: 36
[2025-05-23 20:59:11 INFO  (main)] - Config - ï»¿#Cau: hinh
[2025-05-23 20:59:11 INFO  (main)] - Config - mongodb.user: root
[2025-05-23 20:59:11 INFO  (main)] - Config - game.event: com.nsoz.event.LunarNewYear
[2025-05-23 20:59:11 INFO  (main)] - Config - game.shinwa.max: 10000
[2025-05-23 20:59:11 INFO  (main)] - Config - game.upgrade.percent.add: 0
[2025-05-23 20:59:11 INFO  (main)] - Config - websocket.port: 8020
[2025-05-23 20:59:11 INFO  (main)] - Config - db.driver: com.mysql.cj.jdbc.Driver
[2025-05-23 20:59:11 INFO  (main)] - Config - db.dbname: nsozace
[2025-05-23 20:59:11 INFO  (main)] - Config - threadPoolSize: 50
[2025-05-23 20:59:11 INFO  (main)] - Config - client.data.size.max: 1024
[2025-05-23 20:59:11 INFO  (main)] - Config - game.arena.active: true
[2025-05-23 20:59:11 INFO  (main)] - Config - db.host: localhost
[2025-05-23 20:59:11 INFO  (main)] - Config - game.skill.version: 35
[2025-05-23 20:59:11 INFO  (main)] - Config - game.EXP: 1
[2025-05-23 20:59:11 INFO  (main)] - Config - mongodb.dbname: admin
[2025-05-23 20:59:11 INFO  (main)] - DB Connection Pool has created.
[2025-05-23 20:59:11 ERROR (main)] - Port 14444 da duoc su dung!
[2025-05-23 20:59:14 INFO  (main)] - Config - db.password: 
[2025-05-23 20:59:14 INFO  (main)] - Config - game.shinwa.fee: 5000
[2025-05-23 20:59:14 INFO  (main)] - Config - mongodb.password: 
[2025-05-23 20:59:14 INFO  (main)] - Config - server.log.display: false
[2025-05-23 20:59:14 INFO  (main)] - Config - mongodb.host: localhost
[2025-05-23 20:59:14 INFO  (main)] - Config - mongodb.port: 27017
[2025-05-23 20:59:14 INFO  (main)] - Config - db.user: root
[2025-05-23 20:59:14 INFO  (main)] - Config - game.quantity.display.max: 65535
[2025-05-23 20:59:14 INFO  (main)] - Config - game.data.version: 56
[2025-05-23 20:59:14 INFO  (main)] - Config - scheduledPoolSize: 20
[2025-05-23 20:59:14 INFO  (main)] - Config - db.port: 3306
[2025-05-23 20:59:14 INFO  (main)] - Config - server.port: 14444
[2025-05-23 20:59:14 INFO  (main)] - Config - db.minconnections: 15
[2025-05-23 20:59:14 INFO  (main)] - Config - websocket.host: ws://localhost
[2025-05-23 20:59:14 INFO  (main)] - Config - server.id: 1
[2025-05-23 20:59:14 INFO  (main)] - Config - game.shinwa.active: true
[2025-05-23 20:59:14 INFO  (main)] - Config - game.login.limit: 20
[2025-05-23 20:59:14 INFO  (main)] - Config - db.maxconnections: 20
[2025-05-23 20:59:14 INFO  (main)] - Config - game.item.version: 46
[2025-05-23 20:59:14 INFO  (main)] - Config - game.store.discount: 0
[2025-05-23 20:59:14 INFO  (main)] - Config - game.shinwa.player.max: 20
[2025-05-23 20:59:14 INFO  (main)] - Config - server.notification: Hellos
[2025-05-23 20:59:14 INFO  (main)] - Config - game.map.version: 36
[2025-05-23 20:59:14 INFO  (main)] - Config - ï»¿#Cau: hinh
[2025-05-23 20:59:14 INFO  (main)] - Config - mongodb.user: root
[2025-05-23 20:59:14 INFO  (main)] - Config - game.event: com.nsoz.event.LunarNewYear
[2025-05-23 20:59:14 INFO  (main)] - Config - game.shinwa.max: 10000
[2025-05-23 20:59:14 INFO  (main)] - Config - game.upgrade.percent.add: 0
[2025-05-23 20:59:14 INFO  (main)] - Config - websocket.port: 8020
[2025-05-23 20:59:14 INFO  (main)] - Config - db.driver: com.mysql.cj.jdbc.Driver
[2025-05-23 20:59:14 INFO  (main)] - Config - db.dbname: nsozace
[2025-05-23 20:59:14 INFO  (main)] - Config - threadPoolSize: 50
[2025-05-23 20:59:14 INFO  (main)] - Config - client.data.size.max: 1024
[2025-05-23 20:59:14 INFO  (main)] - Config - game.arena.active: true
[2025-05-23 20:59:14 INFO  (main)] - Config - db.host: localhost
[2025-05-23 20:59:14 INFO  (main)] - Config - game.skill.version: 35
[2025-05-23 20:59:14 INFO  (main)] - Config - game.EXP: 1
[2025-05-23 20:59:14 INFO  (main)] - Config - mongodb.dbname: admin
[2025-05-23 20:59:14 INFO  (main)] - DB Connection Pool has created.
[2025-05-23 20:59:14 ERROR (main)] - Port 14444 da duoc su dung!
[2025-05-23 20:59:21 INFO  (main)] - Config - db.password: 
[2025-05-23 20:59:21 INFO  (main)] - Config - game.shinwa.fee: 5000
[2025-05-23 20:59:21 INFO  (main)] - Config - mongodb.password: 
[2025-05-23 20:59:21 INFO  (main)] - Config - server.log.display: false
[2025-05-23 20:59:21 INFO  (main)] - Config - mongodb.host: localhost
[2025-05-23 20:59:21 INFO  (main)] - Config - mongodb.port: 27017
[2025-05-23 20:59:21 INFO  (main)] - Config - db.user: root
[2025-05-23 20:59:21 INFO  (main)] - Config - game.quantity.display.max: 65535
[2025-05-23 20:59:21 INFO  (main)] - Config - game.data.version: 56
[2025-05-23 20:59:21 INFO  (main)] - Config - scheduledPoolSize: 20
[2025-05-23 20:59:21 INFO  (main)] - Config - db.port: 3306
[2025-05-23 20:59:21 INFO  (main)] - Config - server.port: 14444
[2025-05-23 20:59:21 INFO  (main)] - Config - db.minconnections: 15
[2025-05-23 20:59:21 INFO  (main)] - Config - websocket.host: ws://localhost
[2025-05-23 20:59:21 INFO  (main)] - Config - server.id: 1
[2025-05-23 20:59:21 INFO  (main)] - Config - game.shinwa.active: true
[2025-05-23 20:59:21 INFO  (main)] - Config - game.login.limit: 20
[2025-05-23 20:59:21 INFO  (main)] - Config - db.maxconnections: 20
[2025-05-23 20:59:21 INFO  (main)] - Config - game.item.version: 46
[2025-05-23 20:59:21 INFO  (main)] - Config - game.store.discount: 0
[2025-05-23 20:59:21 INFO  (main)] - Config - game.shinwa.player.max: 20
[2025-05-23 20:59:21 INFO  (main)] - Config - server.notification: Hellos
[2025-05-23 20:59:21 INFO  (main)] - Config - game.map.version: 36
[2025-05-23 20:59:21 INFO  (main)] - Config - ï»¿#Cau: hinh
[2025-05-23 20:59:21 INFO  (main)] - Config - mongodb.user: root
[2025-05-23 20:59:21 INFO  (main)] - Config - game.event: com.nsoz.event.LunarNewYear
[2025-05-23 20:59:21 INFO  (main)] - Config - game.shinwa.max: 10000
[2025-05-23 20:59:21 INFO  (main)] - Config - game.upgrade.percent.add: 0
[2025-05-23 20:59:21 INFO  (main)] - Config - websocket.port: 8020
[2025-05-23 20:59:21 INFO  (main)] - Config - db.driver: com.mysql.cj.jdbc.Driver
[2025-05-23 20:59:21 INFO  (main)] - Config - db.dbname: nsozace
[2025-05-23 20:59:21 INFO  (main)] - Config - threadPoolSize: 50
[2025-05-23 20:59:21 INFO  (main)] - Config - client.data.size.max: 1024
[2025-05-23 20:59:21 INFO  (main)] - Config - game.arena.active: true
[2025-05-23 20:59:21 INFO  (main)] - Config - db.host: localhost
[2025-05-23 20:59:21 INFO  (main)] - Config - game.skill.version: 35
[2025-05-23 20:59:21 INFO  (main)] - Config - game.EXP: 1
[2025-05-23 20:59:21 INFO  (main)] - Config - mongodb.dbname: admin
[2025-05-23 20:59:21 INFO  (main)] - DB Connection Pool has created.
[2025-05-23 20:59:23 INFO  (main)] - Loading list leader board
[2025-05-23 20:59:23 INFO  (main)] - Load list leader board successfully
[2025-05-23 20:59:23 INFO  (main)] - Loading clan data
[2025-05-23 20:59:23 INFO  (main)] - Load clan data successfully
[2025-05-23 20:59:23 INFO  (main)] - Load TDB
[2025-05-23 20:59:23 INFO  (main)] - load finish:Thiên bảng
[2025-05-23 20:59:23 INFO  (main)] - load finish:Địa bảng
[2025-05-23 20:59:23 INFO  (main)] - Load TDB successfully
[2025-05-23 20:59:23 INFO  (Ranked)] - Refresh ranked success.
[2025-05-23 20:59:24 INFO  (main)] - Tự động bảo trì 0h0
[2025-05-23 20:59:24 INFO  (main)] - Start socket post=14444
[2025-05-23 20:59:24 INFO  (main)] - Start server Success!
[2025-05-23 20:59:24 INFO  (Thread-346)] - Connect to socket server successfully!
[2025-05-23 21:01:05 INFO  (main)] - Config - db.password: 
[2025-05-23 21:01:05 INFO  (main)] - Config - game.shinwa.fee: 5000
[2025-05-23 21:01:05 INFO  (main)] - Config - mongodb.password: 
[2025-05-23 21:01:05 INFO  (main)] - Config - server.log.display: false
[2025-05-23 21:01:05 INFO  (main)] - Config - mongodb.host: localhost
[2025-05-23 21:01:05 INFO  (main)] - Config - mongodb.port: 27017
[2025-05-23 21:01:05 INFO  (main)] - Config - db.user: root
[2025-05-23 21:01:05 INFO  (main)] - Config - game.quantity.display.max: 65535
[2025-05-23 21:01:05 INFO  (main)] - Config - game.data.version: 56
[2025-05-23 21:01:05 INFO  (main)] - Config - scheduledPoolSize: 20
[2025-05-23 21:01:05 INFO  (main)] - Config - db.port: 3306
[2025-05-23 21:01:05 INFO  (main)] - Config - server.port: 14444
[2025-05-23 21:01:05 INFO  (main)] - Config - db.minconnections: 15
[2025-05-23 21:01:05 INFO  (main)] - Config - websocket.host: ws://localhost
[2025-05-23 21:01:05 INFO  (main)] - Config - server.id: 1
[2025-05-23 21:01:05 INFO  (main)] - Config - game.shinwa.active: true
[2025-05-23 21:01:05 INFO  (main)] - Config - game.login.limit: 20
[2025-05-23 21:01:05 INFO  (main)] - Config - db.maxconnections: 20
[2025-05-23 21:01:05 INFO  (main)] - Config - game.item.version: 46
[2025-05-23 21:01:05 INFO  (main)] - Config - game.store.discount: 0
[2025-05-23 21:01:05 INFO  (main)] - Config - game.shinwa.player.max: 20
[2025-05-23 21:01:05 INFO  (main)] - Config - server.notification: Hellos
[2025-05-23 21:01:05 INFO  (main)] - Config - game.map.version: 36
[2025-05-23 21:01:05 INFO  (main)] - Config - ï»¿#Cau: hinh
[2025-05-23 21:01:05 INFO  (main)] - Config - mongodb.user: root
[2025-05-23 21:01:05 INFO  (main)] - Config - game.event: com.nsoz.event.LunarNewYear
[2025-05-23 21:01:05 INFO  (main)] - Config - game.shinwa.max: 10000
[2025-05-23 21:01:05 INFO  (main)] - Config - game.upgrade.percent.add: 0
[2025-05-23 21:01:05 INFO  (main)] - Config - websocket.port: 8020
[2025-05-23 21:01:05 INFO  (main)] - Config - db.driver: com.mysql.cj.jdbc.Driver
[2025-05-23 21:01:05 INFO  (main)] - Config - db.dbname: nsozace
[2025-05-23 21:01:05 INFO  (main)] - Config - threadPoolSize: 50
[2025-05-23 21:01:05 INFO  (main)] - Config - client.data.size.max: 1024
[2025-05-23 21:01:05 INFO  (main)] - Config - game.arena.active: true
[2025-05-23 21:01:05 INFO  (main)] - Config - db.host: localhost
[2025-05-23 21:01:05 INFO  (main)] - Config - game.skill.version: 35
[2025-05-23 21:01:05 INFO  (main)] - Config - game.EXP: 1
[2025-05-23 21:01:05 INFO  (main)] - Config - mongodb.dbname: admin
[2025-05-23 21:01:06 INFO  (main)] - DB Connection Pool has created.
[2025-05-23 21:01:43 INFO  (main)] - Config - db.password: 
[2025-05-23 21:01:43 INFO  (main)] - Config - game.shinwa.fee: 5000
[2025-05-23 21:01:43 INFO  (main)] - Config - mongodb.password: 
[2025-05-23 21:01:43 INFO  (main)] - Config - server.log.display: false
[2025-05-23 21:01:43 INFO  (main)] - Config - mongodb.host: localhost
[2025-05-23 21:01:43 INFO  (main)] - Config - mongodb.port: 27017
[2025-05-23 21:01:43 INFO  (main)] - Config - db.user: root
[2025-05-23 21:01:43 INFO  (main)] - Config - game.quantity.display.max: 65535
[2025-05-23 21:01:43 INFO  (main)] - Config - game.data.version: 56
[2025-05-23 21:01:43 INFO  (main)] - Config - scheduledPoolSize: 20
[2025-05-23 21:01:43 INFO  (main)] - Config - db.port: 3306
[2025-05-23 21:01:43 INFO  (main)] - Config - server.port: 14444
[2025-05-23 21:01:43 INFO  (main)] - Config - db.minconnections: 15
[2025-05-23 21:01:43 INFO  (main)] - Config - websocket.host: ws://localhost
[2025-05-23 21:01:43 INFO  (main)] - Config - server.id: 1
[2025-05-23 21:01:43 INFO  (main)] - Config - game.shinwa.active: true
[2025-05-23 21:01:43 INFO  (main)] - Config - game.login.limit: 20
[2025-05-23 21:01:43 INFO  (main)] - Config - db.maxconnections: 20
[2025-05-23 21:01:43 INFO  (main)] - Config - game.item.version: 46
[2025-05-23 21:01:43 INFO  (main)] - Config - game.store.discount: 0
[2025-05-23 21:01:43 INFO  (main)] - Config - game.shinwa.player.max: 20
[2025-05-23 21:01:43 INFO  (main)] - Config - server.notification: Hellos
[2025-05-23 21:01:43 INFO  (main)] - Config - game.map.version: 36
[2025-05-23 21:01:43 INFO  (main)] - Config - ï»¿#Cau: hinh
[2025-05-23 21:01:43 INFO  (main)] - Config - mongodb.user: root
[2025-05-23 21:01:43 INFO  (main)] - Config - game.event: com.nsoz.event.LunarNewYear
[2025-05-23 21:01:43 INFO  (main)] - Config - game.shinwa.max: 10000
[2025-05-23 21:01:43 INFO  (main)] - Config - game.upgrade.percent.add: 0
[2025-05-23 21:01:43 INFO  (main)] - Config - websocket.port: 8020
[2025-05-23 21:01:43 INFO  (main)] - Config - db.driver: com.mysql.cj.jdbc.Driver
[2025-05-23 21:01:43 INFO  (main)] - Config - db.dbname: nsozace
[2025-05-23 21:01:43 INFO  (main)] - Config - threadPoolSize: 50
[2025-05-23 21:01:43 INFO  (main)] - Config - client.data.size.max: 1024
[2025-05-23 21:01:43 INFO  (main)] - Config - game.arena.active: true
[2025-05-23 21:01:43 INFO  (main)] - Config - db.host: localhost
[2025-05-23 21:01:43 INFO  (main)] - Config - game.skill.version: 35
[2025-05-23 21:01:43 INFO  (main)] - Config - game.EXP: 1
[2025-05-23 21:01:43 INFO  (main)] - Config - mongodb.dbname: admin
[2025-05-23 21:01:43 INFO  (main)] - DB Connection Pool has created.
[2025-05-23 21:01:46 INFO  (main)] - Loading list leader board
[2025-05-23 21:01:46 INFO  (main)] - Load list leader board successfully
[2025-05-23 21:01:46 INFO  (main)] - Loading clan data
[2025-05-23 21:01:46 INFO  (main)] - Load clan data successfully
[2025-05-23 21:01:46 INFO  (main)] - Load TDB
[2025-05-23 21:01:46 INFO  (Ranked)] - Refresh ranked success.
[2025-05-23 21:01:46 INFO  (main)] - load finish:Thiên bảng
[2025-05-23 21:01:46 INFO  (main)] - load finish:Địa bảng
[2025-05-23 21:01:46 INFO  (main)] - Load TDB successfully
[2025-05-23 21:01:47 INFO  (main)] - Tự động bảo trì 0h0
[2025-05-23 21:01:47 INFO  (main)] - Start socket post=14444
[2025-05-23 21:01:47 INFO  (main)] - Start server Success!
[2025-05-23 21:01:47 INFO  (Thread-346)] - Connect to socket server successfully!
[2025-05-23 21:03:26 INFO  (main)] - Config - db.password: 
[2025-05-23 21:03:26 INFO  (main)] - Config - game.shinwa.fee: 5000
[2025-05-23 21:03:26 INFO  (main)] - Config - mongodb.password: 
[2025-05-23 21:03:26 INFO  (main)] - Config - server.log.display: false
[2025-05-23 21:03:26 INFO  (main)] - Config - mongodb.host: localhost
[2025-05-23 21:03:26 INFO  (main)] - Config - mongodb.port: 27017
[2025-05-23 21:03:26 INFO  (main)] - Config - db.user: root
[2025-05-23 21:03:26 INFO  (main)] - Config - game.quantity.display.max: 65535
[2025-05-23 21:03:26 INFO  (main)] - Config - game.data.version: 56
[2025-05-23 21:03:26 INFO  (main)] - Config - scheduledPoolSize: 20
[2025-05-23 21:03:26 INFO  (main)] - Config - db.port: 3306
[2025-05-23 21:03:26 INFO  (main)] - Config - server.port: 14444
[2025-05-23 21:03:26 INFO  (main)] - Config - db.minconnections: 15
[2025-05-23 21:03:26 INFO  (main)] - Config - websocket.host: ws://localhost
[2025-05-23 21:03:26 INFO  (main)] - Config - server.id: 1
[2025-05-23 21:03:26 INFO  (main)] - Config - game.shinwa.active: true
[2025-05-23 21:03:26 INFO  (main)] - Config - game.login.limit: 20
[2025-05-23 21:03:26 INFO  (main)] - Config - db.maxconnections: 20
[2025-05-23 21:03:26 INFO  (main)] - Config - game.item.version: 46
[2025-05-23 21:03:26 INFO  (main)] - Config - game.store.discount: 0
[2025-05-23 21:03:26 INFO  (main)] - Config - game.shinwa.player.max: 20
[2025-05-23 21:03:26 INFO  (main)] - Config - server.notification: Hellos
[2025-05-23 21:03:26 INFO  (main)] - Config - game.map.version: 36
[2025-05-23 21:03:26 INFO  (main)] - Config - ï»¿#Cau: hinh
[2025-05-23 21:03:26 INFO  (main)] - Config - mongodb.user: root
[2025-05-23 21:03:26 INFO  (main)] - Config - game.event: com.nsoz.event.LunarNewYear
[2025-05-23 21:03:26 INFO  (main)] - Config - game.shinwa.max: 10000
[2025-05-23 21:03:26 INFO  (main)] - Config - game.upgrade.percent.add: 0
[2025-05-23 21:03:26 INFO  (main)] - Config - websocket.port: 8020
[2025-05-23 21:03:26 INFO  (main)] - Config - db.driver: com.mysql.cj.jdbc.Driver
[2025-05-23 21:03:26 INFO  (main)] - Config - db.dbname: nsozace
[2025-05-23 21:03:26 INFO  (main)] - Config - threadPoolSize: 50
[2025-05-23 21:03:26 INFO  (main)] - Config - client.data.size.max: 1024
[2025-05-23 21:03:26 INFO  (main)] - Config - game.arena.active: true
[2025-05-23 21:03:26 INFO  (main)] - Config - db.host: localhost
[2025-05-23 21:03:26 INFO  (main)] - Config - game.skill.version: 35
[2025-05-23 21:03:26 INFO  (main)] - Config - game.EXP: 1
[2025-05-23 21:03:26 INFO  (main)] - Config - mongodb.dbname: admin
[2025-05-23 21:03:26 INFO  (main)] - DB Connection Pool has created.
[2025-05-23 21:03:29 INFO  (main)] - Loading list leader board
[2025-05-23 21:03:29 INFO  (main)] - Load list leader board successfully
[2025-05-23 21:03:29 INFO  (main)] - Loading clan data
[2025-05-23 21:03:29 INFO  (main)] - Load clan data successfully
[2025-05-23 21:03:29 INFO  (main)] - Load TDB
[2025-05-23 21:03:29 INFO  (main)] - load finish:Thiên bảng
[2025-05-23 21:03:29 INFO  (main)] - load finish:Địa bảng
[2025-05-23 21:03:29 INFO  (main)] - Load TDB successfully
[2025-05-23 21:03:29 INFO  (Ranked)] - Refresh ranked success.
[2025-05-23 21:03:30 INFO  (main)] - Tự động bảo trì 0h0
[2025-05-23 21:03:30 INFO  (main)] - Start socket post=14444
[2025-05-23 21:03:30 INFO  (main)] - Start server Success!
[2025-05-23 21:03:30 INFO  (Thread-346)] - Connect to socket server successfully!
[2025-05-23 21:03:41 INFO  (main)] - Config - db.password: 
[2025-05-23 21:03:41 INFO  (main)] - Config - game.shinwa.fee: 5000
[2025-05-23 21:03:41 INFO  (main)] - Config - mongodb.password: 
[2025-05-23 21:03:41 INFO  (main)] - Config - server.log.display: false
[2025-05-23 21:03:41 INFO  (main)] - Config - mongodb.host: localhost
[2025-05-23 21:03:41 INFO  (main)] - Config - mongodb.port: 27017
[2025-05-23 21:03:41 INFO  (main)] - Config - db.user: root
[2025-05-23 21:03:41 INFO  (main)] - Config - game.quantity.display.max: 65535
[2025-05-23 21:03:41 INFO  (main)] - Config - game.data.version: 56
[2025-05-23 21:03:41 INFO  (main)] - Config - scheduledPoolSize: 20
[2025-05-23 21:03:41 INFO  (main)] - Config - db.port: 3306
[2025-05-23 21:03:41 INFO  (main)] - Config - server.port: 14444
[2025-05-23 21:03:41 INFO  (main)] - Config - db.minconnections: 15
[2025-05-23 21:03:41 INFO  (main)] - Config - websocket.host: ws://localhost
[2025-05-23 21:03:41 INFO  (main)] - Config - server.id: 1
[2025-05-23 21:03:41 INFO  (main)] - Config - game.shinwa.active: true
[2025-05-23 21:03:41 INFO  (main)] - Config - game.login.limit: 20
[2025-05-23 21:03:41 INFO  (main)] - Config - db.maxconnections: 20
[2025-05-23 21:03:41 INFO  (main)] - Config - game.item.version: 46
[2025-05-23 21:03:41 INFO  (main)] - Config - game.store.discount: 0
[2025-05-23 21:03:41 INFO  (main)] - Config - game.shinwa.player.max: 20
[2025-05-23 21:03:41 INFO  (main)] - Config - server.notification: Hellos
[2025-05-23 21:03:41 INFO  (main)] - Config - game.map.version: 36
[2025-05-23 21:03:41 INFO  (main)] - Config - ï»¿#Cau: hinh
[2025-05-23 21:03:41 INFO  (main)] - Config - mongodb.user: root
[2025-05-23 21:03:41 INFO  (main)] - Config - game.event: com.nsoz.event.LunarNewYear
[2025-05-23 21:03:41 INFO  (main)] - Config - game.shinwa.max: 10000
[2025-05-23 21:03:41 INFO  (main)] - Config - game.upgrade.percent.add: 0
[2025-05-23 21:03:41 INFO  (main)] - Config - websocket.port: 8020
[2025-05-23 21:03:41 INFO  (main)] - Config - db.driver: com.mysql.cj.jdbc.Driver
[2025-05-23 21:03:41 INFO  (main)] - Config - db.dbname: nsozace
[2025-05-23 21:03:41 INFO  (main)] - Config - threadPoolSize: 50
[2025-05-23 21:03:41 INFO  (main)] - Config - client.data.size.max: 1024
[2025-05-23 21:03:41 INFO  (main)] - Config - game.arena.active: true
[2025-05-23 21:03:41 INFO  (main)] - Config - db.host: localhost
[2025-05-23 21:03:41 INFO  (main)] - Config - game.skill.version: 35
[2025-05-23 21:03:41 INFO  (main)] - Config - game.EXP: 1
[2025-05-23 21:03:41 INFO  (main)] - Config - mongodb.dbname: admin
[2025-05-23 21:03:41 INFO  (main)] - DB Connection Pool has created.
[2025-05-23 21:03:43 INFO  (main)] - Loading list leader board
[2025-05-23 21:03:43 INFO  (main)] - Load list leader board successfully
[2025-05-23 21:03:43 INFO  (main)] - Loading clan data
[2025-05-23 21:03:43 INFO  (main)] - Load clan data successfully
[2025-05-23 21:03:43 INFO  (main)] - Load TDB
[2025-05-23 21:03:43 INFO  (main)] - load finish:Thiên bảng
[2025-05-23 21:03:43 INFO  (main)] - load finish:Địa bảng
[2025-05-23 21:03:43 INFO  (main)] - Load TDB successfully
[2025-05-23 21:03:43 INFO  (Ranked)] - Refresh ranked success.
[2025-05-23 21:03:44 INFO  (main)] - Tự động bảo trì 0h0
[2025-05-23 21:03:44 INFO  (main)] - Start socket post=14444
[2025-05-23 21:03:44 INFO  (main)] - Start server Success!
[2025-05-23 21:03:44 INFO  (Thread-346)] - Connect to socket server successfully!
[2025-05-23 21:03:52 INFO  (main)] - Config - db.password: 
[2025-05-23 21:03:52 INFO  (main)] - Config - game.shinwa.fee: 5000
[2025-05-23 21:03:52 INFO  (main)] - Config - mongodb.password: 
[2025-05-23 21:03:52 INFO  (main)] - Config - server.log.display: false
[2025-05-23 21:03:52 INFO  (main)] - Config - mongodb.host: localhost
[2025-05-23 21:03:52 INFO  (main)] - Config - mongodb.port: 27017
[2025-05-23 21:03:52 INFO  (main)] - Config - db.user: root
[2025-05-23 21:03:52 INFO  (main)] - Config - game.quantity.display.max: 65535
[2025-05-23 21:03:52 INFO  (main)] - Config - game.data.version: 56
[2025-05-23 21:03:52 INFO  (main)] - Config - scheduledPoolSize: 20
[2025-05-23 21:03:52 INFO  (main)] - Config - db.port: 3306
[2025-05-23 21:03:52 INFO  (main)] - Config - server.port: 14444
[2025-05-23 21:03:52 INFO  (main)] - Config - db.minconnections: 15
[2025-05-23 21:03:52 INFO  (main)] - Config - websocket.host: ws://localhost
[2025-05-23 21:03:52 INFO  (main)] - Config - server.id: 1
[2025-05-23 21:03:52 INFO  (main)] - Config - game.shinwa.active: true
[2025-05-23 21:03:52 INFO  (main)] - Config - game.login.limit: 20
[2025-05-23 21:03:52 INFO  (main)] - Config - db.maxconnections: 20
[2025-05-23 21:03:52 INFO  (main)] - Config - game.item.version: 46
[2025-05-23 21:03:52 INFO  (main)] - Config - game.store.discount: 0
[2025-05-23 21:03:52 INFO  (main)] - Config - game.shinwa.player.max: 20
[2025-05-23 21:03:52 INFO  (main)] - Config - server.notification: Hellos
[2025-05-23 21:03:52 INFO  (main)] - Config - game.map.version: 36
[2025-05-23 21:03:52 INFO  (main)] - Config - ï»¿#Cau: hinh
[2025-05-23 21:03:52 INFO  (main)] - Config - mongodb.user: root
[2025-05-23 21:03:52 INFO  (main)] - Config - game.event: com.nsoz.event.LunarNewYear
[2025-05-23 21:03:52 INFO  (main)] - Config - game.shinwa.max: 10000
[2025-05-23 21:03:52 INFO  (main)] - Config - game.upgrade.percent.add: 0
[2025-05-23 21:03:52 INFO  (main)] - Config - websocket.port: 8020
[2025-05-23 21:03:52 INFO  (main)] - Config - db.driver: com.mysql.cj.jdbc.Driver
[2025-05-23 21:03:52 INFO  (main)] - Config - db.dbname: nsozace
[2025-05-23 21:03:52 INFO  (main)] - Config - threadPoolSize: 50
[2025-05-23 21:03:52 INFO  (main)] - Config - client.data.size.max: 1024
[2025-05-23 21:03:52 INFO  (main)] - Config - game.arena.active: true
[2025-05-23 21:03:52 INFO  (main)] - Config - db.host: localhost
[2025-05-23 21:03:52 INFO  (main)] - Config - game.skill.version: 35
[2025-05-23 21:03:52 INFO  (main)] - Config - game.EXP: 1
[2025-05-23 21:03:52 INFO  (main)] - Config - mongodb.dbname: admin
[2025-05-23 21:03:52 INFO  (main)] - DB Connection Pool has created.
[2025-05-23 21:03:54 INFO  (main)] - Loading list leader board
[2025-05-23 21:03:54 INFO  (main)] - Load list leader board successfully
[2025-05-23 21:03:54 INFO  (main)] - Loading clan data
[2025-05-23 21:03:54 INFO  (main)] - Load clan data successfully
[2025-05-23 21:03:54 INFO  (main)] - Load TDB
[2025-05-23 21:03:54 INFO  (main)] - load finish:Thiên bảng
[2025-05-23 21:03:54 INFO  (main)] - load finish:Địa bảng
[2025-05-23 21:03:54 INFO  (main)] - Load TDB successfully
[2025-05-23 21:03:54 INFO  (Ranked)] - Refresh ranked success.
[2025-05-23 21:03:54 INFO  (main)] - Tự động bảo trì 0h0
[2025-05-23 21:03:54 INFO  (main)] - Start socket post=14444
[2025-05-23 21:03:54 INFO  (main)] - Start server Success!
[2025-05-23 21:03:54 INFO  (Thread-346)] - Connect to socket server successfully!
[2025-05-23 21:05:47 INFO  (main)] - Config - db.password: 
[2025-05-23 21:05:47 INFO  (main)] - Config - game.shinwa.fee: 5000
[2025-05-23 21:05:47 INFO  (main)] - Config - mongodb.password: 
[2025-05-23 21:05:47 INFO  (main)] - Config - server.log.display: false
[2025-05-23 21:05:47 INFO  (main)] - Config - mongodb.host: localhost
[2025-05-23 21:05:47 INFO  (main)] - Config - mongodb.port: 27017
[2025-05-23 21:05:47 INFO  (main)] - Config - db.user: root
[2025-05-23 21:05:47 INFO  (main)] - Config - game.quantity.display.max: 65535
[2025-05-23 21:05:47 INFO  (main)] - Config - game.data.version: 56
[2025-05-23 21:05:47 INFO  (main)] - Config - scheduledPoolSize: 20
[2025-05-23 21:05:47 INFO  (main)] - Config - db.port: 3306
[2025-05-23 21:05:47 INFO  (main)] - Config - server.port: 14444
[2025-05-23 21:05:47 INFO  (main)] - Config - db.minconnections: 15
[2025-05-23 21:05:47 INFO  (main)] - Config - websocket.host: ws://localhost
[2025-05-23 21:05:47 INFO  (main)] - Config - server.id: 1
[2025-05-23 21:05:47 INFO  (main)] - Config - game.shinwa.active: true
[2025-05-23 21:05:47 INFO  (main)] - Config - game.login.limit: 20
[2025-05-23 21:05:47 INFO  (main)] - Config - db.maxconnections: 20
[2025-05-23 21:05:47 INFO  (main)] - Config - game.item.version: 46
[2025-05-23 21:05:47 INFO  (main)] - Config - game.store.discount: 0
[2025-05-23 21:05:47 INFO  (main)] - Config - game.shinwa.player.max: 20
[2025-05-23 21:05:47 INFO  (main)] - Config - server.notification: Hellos
[2025-05-23 21:05:47 INFO  (main)] - Config - game.map.version: 36
[2025-05-23 21:05:47 INFO  (main)] - Config - ï»¿#Cau: hinh
[2025-05-23 21:05:47 INFO  (main)] - Config - mongodb.user: root
[2025-05-23 21:05:47 INFO  (main)] - Config - game.event: com.nsoz.event.LunarNewYear
[2025-05-23 21:05:47 INFO  (main)] - Config - game.shinwa.max: 10000
[2025-05-23 21:05:47 INFO  (main)] - Config - game.upgrade.percent.add: 0
[2025-05-23 21:05:47 INFO  (main)] - Config - websocket.port: 8020
[2025-05-23 21:05:47 INFO  (main)] - Config - db.driver: com.mysql.cj.jdbc.Driver
[2025-05-23 21:05:47 INFO  (main)] - Config - db.dbname: nsozace
[2025-05-23 21:05:47 INFO  (main)] - Config - threadPoolSize: 50
[2025-05-23 21:05:47 INFO  (main)] - Config - client.data.size.max: 1024
[2025-05-23 21:05:47 INFO  (main)] - Config - game.arena.active: true
[2025-05-23 21:05:47 INFO  (main)] - Config - db.host: localhost
[2025-05-23 21:05:47 INFO  (main)] - Config - game.skill.version: 35
[2025-05-23 21:05:47 INFO  (main)] - Config - game.EXP: 1
[2025-05-23 21:05:47 INFO  (main)] - Config - mongodb.dbname: admin
[2025-05-23 21:05:47 INFO  (main)] - DB Connection Pool has created.
[2025-05-23 21:05:50 INFO  (main)] - Loading list leader board
[2025-05-23 21:05:50 INFO  (main)] - Load list leader board successfully
[2025-05-23 21:05:50 INFO  (main)] - Loading clan data
[2025-05-23 21:05:50 INFO  (main)] - Load clan data successfully
[2025-05-23 21:05:50 INFO  (main)] - Load TDB
[2025-05-23 21:05:50 INFO  (main)] - load finish:Thiên bảng
[2025-05-23 21:05:50 INFO  (main)] - load finish:Địa bảng
[2025-05-23 21:05:50 INFO  (main)] - Load TDB successfully
[2025-05-23 21:05:50 INFO  (Ranked)] - Refresh ranked success.
[2025-05-23 21:05:52 INFO  (main)] - Tự động bảo trì 0h0
[2025-05-23 21:05:52 INFO  (main)] - Start socket post=14444
[2025-05-23 21:05:52 INFO  (main)] - Start server Success!
[2025-05-23 21:05:52 INFO  (Thread-346)] - Connect to socket server successfully!
[2025-05-23 21:07:13 INFO  (main)] - Config - db.password: 
[2025-05-23 21:07:13 INFO  (main)] - Config - game.shinwa.fee: 5000
[2025-05-23 21:07:13 INFO  (main)] - Config - mongodb.password: 
[2025-05-23 21:07:13 INFO  (main)] - Config - server.log.display: false
[2025-05-23 21:07:13 INFO  (main)] - Config - mongodb.host: localhost
[2025-05-23 21:07:13 INFO  (main)] - Config - mongodb.port: 27017
[2025-05-23 21:07:13 INFO  (main)] - Config - db.user: root
[2025-05-23 21:07:13 INFO  (main)] - Config - game.quantity.display.max: 65535
[2025-05-23 21:07:13 INFO  (main)] - Config - game.data.version: 56
[2025-05-23 21:07:13 INFO  (main)] - Config - scheduledPoolSize: 20
[2025-05-23 21:07:13 INFO  (main)] - Config - db.port: 3306
[2025-05-23 21:07:13 INFO  (main)] - Config - server.port: 14444
[2025-05-23 21:07:13 INFO  (main)] - Config - db.minconnections: 15
[2025-05-23 21:07:13 INFO  (main)] - Config - websocket.host: ws://localhost
[2025-05-23 21:07:13 INFO  (main)] - Config - server.id: 1
[2025-05-23 21:07:13 INFO  (main)] - Config - game.shinwa.active: true
[2025-05-23 21:07:13 INFO  (main)] - Config - game.login.limit: 20
[2025-05-23 21:07:13 INFO  (main)] - Config - db.maxconnections: 20
[2025-05-23 21:07:13 INFO  (main)] - Config - game.item.version: 46
[2025-05-23 21:07:13 INFO  (main)] - Config - game.store.discount: 0
[2025-05-23 21:07:13 INFO  (main)] - Config - game.shinwa.player.max: 20
[2025-05-23 21:07:13 INFO  (main)] - Config - server.notification: Hellos
[2025-05-23 21:07:13 INFO  (main)] - Config - game.map.version: 36
[2025-05-23 21:07:13 INFO  (main)] - Config - ï»¿#Cau: hinh
[2025-05-23 21:07:13 INFO  (main)] - Config - mongodb.user: root
[2025-05-23 21:07:13 INFO  (main)] - Config - game.event: com.nsoz.event.LunarNewYear
[2025-05-23 21:07:13 INFO  (main)] - Config - game.shinwa.max: 10000
[2025-05-23 21:07:13 INFO  (main)] - Config - game.upgrade.percent.add: 0
[2025-05-23 21:07:13 INFO  (main)] - Config - websocket.port: 8020
[2025-05-23 21:07:13 INFO  (main)] - Config - db.driver: com.mysql.cj.jdbc.Driver
[2025-05-23 21:07:13 INFO  (main)] - Config - db.dbname: nsozace
[2025-05-23 21:07:13 INFO  (main)] - Config - threadPoolSize: 50
[2025-05-23 21:07:13 INFO  (main)] - Config - client.data.size.max: 1024
[2025-05-23 21:07:13 INFO  (main)] - Config - game.arena.active: true
[2025-05-23 21:07:13 INFO  (main)] - Config - db.host: localhost
[2025-05-23 21:07:13 INFO  (main)] - Config - game.skill.version: 35
[2025-05-23 21:07:13 INFO  (main)] - Config - game.EXP: 1
[2025-05-23 21:07:13 INFO  (main)] - Config - mongodb.dbname: admin
[2025-05-23 21:07:13 INFO  (main)] - DB Connection Pool has created.
[2025-05-23 21:07:15 INFO  (main)] - Loading list leader board
[2025-05-23 21:07:15 INFO  (main)] - Load list leader board successfully
[2025-05-23 21:07:15 INFO  (main)] - Loading clan data
[2025-05-23 21:07:15 INFO  (main)] - Load clan data successfully
[2025-05-23 21:07:15 INFO  (main)] - Load TDB
[2025-05-23 21:07:15 INFO  (main)] - load finish:Thiên bảng
[2025-05-23 21:07:15 INFO  (main)] - load finish:Địa bảng
[2025-05-23 21:07:15 INFO  (main)] - Load TDB successfully
[2025-05-23 21:07:15 INFO  (Ranked)] - Refresh ranked success.
[2025-05-23 21:07:16 INFO  (main)] - Tự động bảo trì 0h0
[2025-05-23 21:07:16 INFO  (main)] - Start socket post=14444
[2025-05-23 21:07:16 INFO  (main)] - Start server Success!
[2025-05-23 21:07:16 INFO  (Thread-346)] - Connect to socket server successfully!
[2025-05-23 21:12:30 INFO  (main)] - Config - db.password: 
[2025-05-23 21:12:30 INFO  (main)] - Config - game.shinwa.fee: 5000
[2025-05-23 21:12:30 INFO  (main)] - Config - mongodb.password: 
[2025-05-23 21:12:30 INFO  (main)] - Config - server.log.display: false
[2025-05-23 21:12:30 INFO  (main)] - Config - mongodb.host: localhost
[2025-05-23 21:12:30 INFO  (main)] - Config - mongodb.port: 27017
[2025-05-23 21:12:30 INFO  (main)] - Config - db.user: root
[2025-05-23 21:12:30 INFO  (main)] - Config - game.quantity.display.max: 65535
[2025-05-23 21:12:30 INFO  (main)] - Config - game.data.version: 56
[2025-05-23 21:12:30 INFO  (main)] - Config - scheduledPoolSize: 20
[2025-05-23 21:12:30 INFO  (main)] - Config - db.port: 3306
[2025-05-23 21:12:30 INFO  (main)] - Config - server.port: 14444
[2025-05-23 21:12:30 INFO  (main)] - Config - db.minconnections: 15
[2025-05-23 21:12:30 INFO  (main)] - Config - websocket.host: ws://localhost
[2025-05-23 21:12:30 INFO  (main)] - Config - server.id: 1
[2025-05-23 21:12:30 INFO  (main)] - Config - game.shinwa.active: true
[2025-05-23 21:12:30 INFO  (main)] - Config - game.login.limit: 20
[2025-05-23 21:12:30 INFO  (main)] - Config - db.maxconnections: 20
[2025-05-23 21:12:30 INFO  (main)] - Config - game.item.version: 46
[2025-05-23 21:12:30 INFO  (main)] - Config - game.store.discount: 0
[2025-05-23 21:12:30 INFO  (main)] - Config - game.shinwa.player.max: 20
[2025-05-23 21:12:30 INFO  (main)] - Config - server.notification: Hellos
[2025-05-23 21:12:30 INFO  (main)] - Config - game.map.version: 36
[2025-05-23 21:12:30 INFO  (main)] - Config - ï»¿#Cau: hinh
[2025-05-23 21:12:30 INFO  (main)] - Config - mongodb.user: root
[2025-05-23 21:12:30 INFO  (main)] - Config - game.event: com.nsoz.event.LunarNewYear
[2025-05-23 21:12:30 INFO  (main)] - Config - game.shinwa.max: 10000
[2025-05-23 21:12:30 INFO  (main)] - Config - game.upgrade.percent.add: 0
[2025-05-23 21:12:30 INFO  (main)] - Config - websocket.port: 8020
[2025-05-23 21:12:30 INFO  (main)] - Config - db.driver: com.mysql.cj.jdbc.Driver
[2025-05-23 21:12:30 INFO  (main)] - Config - db.dbname: nsozace
[2025-05-23 21:12:30 INFO  (main)] - Config - threadPoolSize: 50
[2025-05-23 21:12:30 INFO  (main)] - Config - client.data.size.max: 1024
[2025-05-23 21:12:30 INFO  (main)] - Config - game.arena.active: true
[2025-05-23 21:12:30 INFO  (main)] - Config - db.host: localhost
[2025-05-23 21:12:30 INFO  (main)] - Config - game.skill.version: 35
[2025-05-23 21:12:30 INFO  (main)] - Config - game.EXP: 1
[2025-05-23 21:12:30 INFO  (main)] - Config - mongodb.dbname: admin
[2025-05-23 21:12:30 INFO  (main)] - DB Connection Pool has created.
[2025-05-23 21:12:34 INFO  (main)] - Loading list leader board
[2025-05-23 21:12:34 INFO  (main)] - Load list leader board successfully
[2025-05-23 21:12:34 INFO  (main)] - Loading clan data
[2025-05-23 21:12:34 INFO  (main)] - Load clan data successfully
[2025-05-23 21:12:34 INFO  (main)] - Load TDB
[2025-05-23 21:12:34 INFO  (main)] - load finish:Thiên bảng
[2025-05-23 21:12:34 INFO  (main)] - load finish:Địa bảng
[2025-05-23 21:12:34 INFO  (main)] - Load TDB successfully
[2025-05-23 21:12:34 INFO  (Ranked)] - Refresh ranked success.
[2025-05-23 21:12:35 INFO  (main)] - Tự động bảo trì 0h0
[2025-05-23 21:12:35 INFO  (main)] - Start socket post=14444
[2025-05-23 21:12:35 INFO  (main)] - Start server Success!
[2025-05-23 21:12:35 INFO  (Thread-346)] - Connect to socket server successfully!
[2025-05-23 21:14:01 INFO  (main)] - Config - db.password: 
[2025-05-23 21:14:01 INFO  (main)] - Config - game.shinwa.fee: 5000
[2025-05-23 21:14:01 INFO  (main)] - Config - mongodb.password: 
[2025-05-23 21:14:01 INFO  (main)] - Config - server.log.display: false
[2025-05-23 21:14:01 INFO  (main)] - Config - mongodb.host: localhost
[2025-05-23 21:14:01 INFO  (main)] - Config - mongodb.port: 27017
[2025-05-23 21:14:01 INFO  (main)] - Config - db.user: root
[2025-05-23 21:14:01 INFO  (main)] - Config - game.quantity.display.max: 65535
[2025-05-23 21:14:01 INFO  (main)] - Config - game.data.version: 56
[2025-05-23 21:14:01 INFO  (main)] - Config - scheduledPoolSize: 20
[2025-05-23 21:14:01 INFO  (main)] - Config - db.port: 3306
[2025-05-23 21:14:01 INFO  (main)] - Config - server.port: 14444
[2025-05-23 21:14:01 INFO  (main)] - Config - db.minconnections: 15
[2025-05-23 21:14:01 INFO  (main)] - Config - websocket.host: ws://localhost
[2025-05-23 21:14:01 INFO  (main)] - Config - server.id: 1
[2025-05-23 21:14:01 INFO  (main)] - Config - game.shinwa.active: true
[2025-05-23 21:14:01 INFO  (main)] - Config - game.login.limit: 20
[2025-05-23 21:14:01 INFO  (main)] - Config - db.maxconnections: 20
[2025-05-23 21:14:01 INFO  (main)] - Config - game.item.version: 46
[2025-05-23 21:14:01 INFO  (main)] - Config - game.store.discount: 0
[2025-05-23 21:14:01 INFO  (main)] - Config - game.shinwa.player.max: 20
[2025-05-23 21:14:01 INFO  (main)] - Config - server.notification: Hellos
[2025-05-23 21:14:01 INFO  (main)] - Config - game.map.version: 36
[2025-05-23 21:14:01 INFO  (main)] - Config - ï»¿#Cau: hinh
[2025-05-23 21:14:01 INFO  (main)] - Config - mongodb.user: root
[2025-05-23 21:14:01 INFO  (main)] - Config - game.event: com.nsoz.event.LunarNewYear
[2025-05-23 21:14:01 INFO  (main)] - Config - game.shinwa.max: 10000
[2025-05-23 21:14:01 INFO  (main)] - Config - game.upgrade.percent.add: 0
[2025-05-23 21:14:01 INFO  (main)] - Config - websocket.port: 8020
[2025-05-23 21:14:01 INFO  (main)] - Config - db.driver: com.mysql.cj.jdbc.Driver
[2025-05-23 21:14:01 INFO  (main)] - Config - db.dbname: nsozace
[2025-05-23 21:14:01 INFO  (main)] - Config - threadPoolSize: 50
[2025-05-23 21:14:01 INFO  (main)] - Config - client.data.size.max: 1024
[2025-05-23 21:14:01 INFO  (main)] - Config - game.arena.active: true
[2025-05-23 21:14:01 INFO  (main)] - Config - db.host: localhost
[2025-05-23 21:14:01 INFO  (main)] - Config - game.skill.version: 35
[2025-05-23 21:14:01 INFO  (main)] - Config - game.EXP: 1
[2025-05-23 21:14:01 INFO  (main)] - Config - mongodb.dbname: admin
[2025-05-23 21:14:01 INFO  (main)] - DB Connection Pool has created.
[2025-05-23 21:14:04 INFO  (main)] - Loading list leader board
[2025-05-23 21:14:04 INFO  (main)] - Load list leader board successfully
[2025-05-23 21:14:04 INFO  (main)] - Loading clan data
[2025-05-23 21:14:04 INFO  (main)] - Load clan data successfully
[2025-05-23 21:14:04 INFO  (main)] - Load TDB
[2025-05-23 21:14:04 INFO  (main)] - load finish:Thiên bảng
[2025-05-23 21:14:04 INFO  (main)] - load finish:Địa bảng
[2025-05-23 21:14:04 INFO  (main)] - Load TDB successfully
[2025-05-23 21:14:04 INFO  (Ranked)] - Refresh ranked success.
[2025-05-23 21:14:04 INFO  (main)] - Tự động bảo trì 0h0
[2025-05-23 21:14:04 INFO  (main)] - Start socket post=14444
[2025-05-23 21:14:04 INFO  (main)] - Start server Success!
[2025-05-23 21:14:04 INFO  (Thread-346)] - Connect to socket server successfully!
[2025-05-23 21:15:24 INFO  (main)] - Config - db.password: 
[2025-05-23 21:15:24 INFO  (main)] - Config - game.shinwa.fee: 5000
[2025-05-23 21:15:24 INFO  (main)] - Config - mongodb.password: 
[2025-05-23 21:15:24 INFO  (main)] - Config - server.log.display: false
[2025-05-23 21:15:24 INFO  (main)] - Config - mongodb.host: localhost
[2025-05-23 21:15:24 INFO  (main)] - Config - mongodb.port: 27017
[2025-05-23 21:15:24 INFO  (main)] - Config - db.user: root
[2025-05-23 21:15:24 INFO  (main)] - Config - game.quantity.display.max: 65535
[2025-05-23 21:15:24 INFO  (main)] - Config - game.data.version: 56
[2025-05-23 21:15:24 INFO  (main)] - Config - scheduledPoolSize: 20
[2025-05-23 21:15:24 INFO  (main)] - Config - db.port: 3306
[2025-05-23 21:15:24 INFO  (main)] - Config - server.port: 14444
[2025-05-23 21:15:24 INFO  (main)] - Config - db.minconnections: 15
[2025-05-23 21:15:24 INFO  (main)] - Config - websocket.host: ws://localhost
[2025-05-23 21:15:24 INFO  (main)] - Config - server.id: 1
[2025-05-23 21:15:24 INFO  (main)] - Config - game.shinwa.active: true
[2025-05-23 21:15:24 INFO  (main)] - Config - game.login.limit: 20
[2025-05-23 21:15:24 INFO  (main)] - Config - db.maxconnections: 20
[2025-05-23 21:15:24 INFO  (main)] - Config - game.item.version: 46
[2025-05-23 21:15:24 INFO  (main)] - Config - game.store.discount: 0
[2025-05-23 21:15:24 INFO  (main)] - Config - game.shinwa.player.max: 20
[2025-05-23 21:15:24 INFO  (main)] - Config - server.notification: Hellos
[2025-05-23 21:15:24 INFO  (main)] - Config - game.map.version: 36
[2025-05-23 21:15:24 INFO  (main)] - Config - ï»¿#Cau: hinh
[2025-05-23 21:15:24 INFO  (main)] - Config - mongodb.user: root
[2025-05-23 21:15:24 INFO  (main)] - Config - game.event: com.nsoz.event.LunarNewYear
[2025-05-23 21:15:24 INFO  (main)] - Config - game.shinwa.max: 10000
[2025-05-23 21:15:24 INFO  (main)] - Config - game.upgrade.percent.add: 0
[2025-05-23 21:15:24 INFO  (main)] - Config - websocket.port: 8020
[2025-05-23 21:15:24 INFO  (main)] - Config - db.driver: com.mysql.cj.jdbc.Driver
[2025-05-23 21:15:24 INFO  (main)] - Config - db.dbname: nsozace
[2025-05-23 21:15:24 INFO  (main)] - Config - threadPoolSize: 50
[2025-05-23 21:15:24 INFO  (main)] - Config - client.data.size.max: 1024
[2025-05-23 21:15:24 INFO  (main)] - Config - game.arena.active: true
[2025-05-23 21:15:24 INFO  (main)] - Config - db.host: localhost
[2025-05-23 21:15:24 INFO  (main)] - Config - game.skill.version: 35
[2025-05-23 21:15:24 INFO  (main)] - Config - game.EXP: 1
[2025-05-23 21:15:24 INFO  (main)] - Config - mongodb.dbname: admin
[2025-05-23 21:15:25 INFO  (main)] - DB Connection Pool has created.
[2025-05-23 21:15:29 INFO  (main)] - Loading list leader board
[2025-05-23 21:15:29 INFO  (main)] - Load list leader board successfully
[2025-05-23 21:15:29 INFO  (main)] - Loading clan data
[2025-05-23 21:15:29 INFO  (main)] - Load clan data successfully
[2025-05-23 21:15:29 INFO  (main)] - Load TDB
[2025-05-23 21:15:29 INFO  (main)] - load finish:Thiên bảng
[2025-05-23 21:15:29 INFO  (main)] - load finish:Địa bảng
[2025-05-23 21:15:29 INFO  (main)] - Load TDB successfully
[2025-05-23 21:15:29 INFO  (Ranked)] - Refresh ranked success.
[2025-05-23 21:15:30 INFO  (main)] - Tự động bảo trì 0h0
[2025-05-23 21:15:30 INFO  (main)] - Start socket post=14444
[2025-05-23 21:15:30 INFO  (main)] - Start server Success!
[2025-05-23 21:15:30 INFO  (Thread-346)] - Connect to socket server successfully!
[2025-05-23 21:21:28 INFO  (main)] - Config - db.password: 
[2025-05-23 21:21:28 INFO  (main)] - Config - game.shinwa.fee: 5000
[2025-05-23 21:21:28 INFO  (main)] - Config - mongodb.password: 
[2025-05-23 21:21:28 INFO  (main)] - Config - server.log.display: false
[2025-05-23 21:21:28 INFO  (main)] - Config - mongodb.host: localhost
[2025-05-23 21:21:28 INFO  (main)] - Config - mongodb.port: 27017
[2025-05-23 21:21:28 INFO  (main)] - Config - db.user: root
[2025-05-23 21:21:28 INFO  (main)] - Config - game.quantity.display.max: 65535
[2025-05-23 21:21:28 INFO  (main)] - Config - game.data.version: 56
[2025-05-23 21:21:28 INFO  (main)] - Config - scheduledPoolSize: 20
[2025-05-23 21:21:28 INFO  (main)] - Config - db.port: 3306
[2025-05-23 21:21:28 INFO  (main)] - Config - server.port: 14444
[2025-05-23 21:21:28 INFO  (main)] - Config - db.minconnections: 15
[2025-05-23 21:21:28 INFO  (main)] - Config - websocket.host: ws://localhost
[2025-05-23 21:21:28 INFO  (main)] - Config - server.id: 1
[2025-05-23 21:21:28 INFO  (main)] - Config - game.shinwa.active: true
[2025-05-23 21:21:28 INFO  (main)] - Config - game.login.limit: 20
[2025-05-23 21:21:28 INFO  (main)] - Config - db.maxconnections: 20
[2025-05-23 21:21:28 INFO  (main)] - Config - game.item.version: 46
[2025-05-23 21:21:28 INFO  (main)] - Config - game.store.discount: 0
[2025-05-23 21:21:28 INFO  (main)] - Config - game.shinwa.player.max: 20
[2025-05-23 21:21:28 INFO  (main)] - Config - server.notification: Hellos
[2025-05-23 21:21:28 INFO  (main)] - Config - game.map.version: 36
[2025-05-23 21:21:28 INFO  (main)] - Config - ï»¿#Cau: hinh
[2025-05-23 21:21:28 INFO  (main)] - Config - mongodb.user: root
[2025-05-23 21:21:28 INFO  (main)] - Config - game.event: com.nsoz.event.LunarNewYear
[2025-05-23 21:21:28 INFO  (main)] - Config - game.shinwa.max: 10000
[2025-05-23 21:21:28 INFO  (main)] - Config - game.upgrade.percent.add: 0
[2025-05-23 21:21:28 INFO  (main)] - Config - websocket.port: 8020
[2025-05-23 21:21:28 INFO  (main)] - Config - db.driver: com.mysql.cj.jdbc.Driver
[2025-05-23 21:21:28 INFO  (main)] - Config - db.dbname: nsozace
[2025-05-23 21:21:28 INFO  (main)] - Config - threadPoolSize: 50
[2025-05-23 21:21:28 INFO  (main)] - Config - client.data.size.max: 1024
[2025-05-23 21:21:28 INFO  (main)] - Config - game.arena.active: true
[2025-05-23 21:21:28 INFO  (main)] - Config - db.host: localhost
[2025-05-23 21:21:28 INFO  (main)] - Config - game.skill.version: 35
[2025-05-23 21:21:28 INFO  (main)] - Config - game.EXP: 1
[2025-05-23 21:21:28 INFO  (main)] - Config - mongodb.dbname: admin
[2025-05-23 21:21:28 INFO  (main)] - DB Connection Pool has created.
[2025-05-23 21:21:31 INFO  (main)] - Loading list leader board
[2025-05-23 21:21:31 INFO  (main)] - Load list leader board successfully
[2025-05-23 21:21:31 INFO  (main)] - Loading clan data
[2025-05-23 21:21:31 INFO  (main)] - Load clan data successfully
[2025-05-23 21:21:31 INFO  (main)] - Load TDB
[2025-05-23 21:21:31 INFO  (main)] - load finish:Thiên bảng
[2025-05-23 21:21:31 INFO  (main)] - load finish:Địa bảng
[2025-05-23 21:21:31 INFO  (main)] - Load TDB successfully
[2025-05-23 21:21:31 INFO  (Ranked)] - Refresh ranked success.
[2025-05-23 21:21:32 INFO  (main)] - Tự động bảo trì 0h0
[2025-05-23 21:21:32 INFO  (main)] - Start socket post=14444
[2025-05-23 21:21:32 INFO  (main)] - Start server Success!
[2025-05-23 21:21:32 INFO  (Thread-346)] - Connect to socket server successfully!
[2025-05-23 21:22:24 INFO  (main)] - Config - db.password: 
[2025-05-23 21:22:24 INFO  (main)] - Config - game.shinwa.fee: 5000
[2025-05-23 21:22:24 INFO  (main)] - Config - mongodb.password: 
[2025-05-23 21:22:24 INFO  (main)] - Config - server.log.display: false
[2025-05-23 21:22:24 INFO  (main)] - Config - mongodb.host: localhost
[2025-05-23 21:22:24 INFO  (main)] - Config - mongodb.port: 27017
[2025-05-23 21:22:24 INFO  (main)] - Config - db.user: root
[2025-05-23 21:22:24 INFO  (main)] - Config - game.quantity.display.max: 65535
[2025-05-23 21:22:24 INFO  (main)] - Config - game.data.version: 56
[2025-05-23 21:22:24 INFO  (main)] - Config - scheduledPoolSize: 20
[2025-05-23 21:22:24 INFO  (main)] - Config - db.port: 3306
[2025-05-23 21:22:24 INFO  (main)] - Config - server.port: 14444
[2025-05-23 21:22:24 INFO  (main)] - Config - db.minconnections: 15
[2025-05-23 21:22:24 INFO  (main)] - Config - websocket.host: ws://localhost
[2025-05-23 21:22:24 INFO  (main)] - Config - server.id: 1
[2025-05-23 21:22:24 INFO  (main)] - Config - game.shinwa.active: true
[2025-05-23 21:22:24 INFO  (main)] - Config - game.login.limit: 20
[2025-05-23 21:22:24 INFO  (main)] - Config - db.maxconnections: 20
[2025-05-23 21:22:24 INFO  (main)] - Config - game.item.version: 46
[2025-05-23 21:22:24 INFO  (main)] - Config - game.store.discount: 0
[2025-05-23 21:22:24 INFO  (main)] - Config - game.shinwa.player.max: 20
[2025-05-23 21:22:24 INFO  (main)] - Config - server.notification: Hellos
[2025-05-23 21:22:24 INFO  (main)] - Config - game.map.version: 36
[2025-05-23 21:22:24 INFO  (main)] - Config - ï»¿#Cau: hinh
[2025-05-23 21:22:24 INFO  (main)] - Config - mongodb.user: root
[2025-05-23 21:22:24 INFO  (main)] - Config - game.event: com.nsoz.event.LunarNewYear
[2025-05-23 21:22:24 INFO  (main)] - Config - game.shinwa.max: 10000
[2025-05-23 21:22:24 INFO  (main)] - Config - game.upgrade.percent.add: 0
[2025-05-23 21:22:24 INFO  (main)] - Config - websocket.port: 8020
[2025-05-23 21:22:24 INFO  (main)] - Config - db.driver: com.mysql.cj.jdbc.Driver
[2025-05-23 21:22:24 INFO  (main)] - Config - db.dbname: nsozace
[2025-05-23 21:22:24 INFO  (main)] - Config - threadPoolSize: 50
[2025-05-23 21:22:24 INFO  (main)] - Config - client.data.size.max: 1024
[2025-05-23 21:22:24 INFO  (main)] - Config - game.arena.active: true
[2025-05-23 21:22:24 INFO  (main)] - Config - db.host: localhost
[2025-05-23 21:22:24 INFO  (main)] - Config - game.skill.version: 35
[2025-05-23 21:22:24 INFO  (main)] - Config - game.EXP: 1
[2025-05-23 21:22:24 INFO  (main)] - Config - mongodb.dbname: admin
[2025-05-23 21:22:24 INFO  (main)] - DB Connection Pool has created.
[2025-05-23 21:22:27 INFO  (main)] - Loading list leader board
[2025-05-23 21:22:27 INFO  (main)] - Load list leader board successfully
[2025-05-23 21:22:27 INFO  (main)] - Loading clan data
[2025-05-23 21:22:27 INFO  (main)] - Load clan data successfully
[2025-05-23 21:22:27 INFO  (main)] - Load TDB
[2025-05-23 21:22:27 INFO  (main)] - load finish:Thiên bảng
[2025-05-23 21:22:27 INFO  (main)] - load finish:Địa bảng
[2025-05-23 21:22:27 INFO  (main)] - Load TDB successfully
[2025-05-23 21:22:27 INFO  (Ranked)] - Refresh ranked success.
[2025-05-23 21:22:27 INFO  (main)] - Tự động bảo trì 0h0
[2025-05-23 21:22:27 INFO  (main)] - Start socket post=14444
[2025-05-23 21:22:27 INFO  (main)] - Start server Success!
[2025-05-23 21:22:27 INFO  (Thread-346)] - Connect to socket server successfully!
[2025-05-23 21:23:19 INFO  (main)] - Config - db.password: 
[2025-05-23 21:23:19 INFO  (main)] - Config - game.shinwa.fee: 5000
[2025-05-23 21:23:19 INFO  (main)] - Config - mongodb.password: 
[2025-05-23 21:23:19 INFO  (main)] - Config - server.log.display: false
[2025-05-23 21:23:19 INFO  (main)] - Config - mongodb.host: localhost
[2025-05-23 21:23:19 INFO  (main)] - Config - mongodb.port: 27017
[2025-05-23 21:23:19 INFO  (main)] - Config - db.user: root
[2025-05-23 21:23:19 INFO  (main)] - Config - game.quantity.display.max: 65535
[2025-05-23 21:23:19 INFO  (main)] - Config - game.data.version: 56
[2025-05-23 21:23:19 INFO  (main)] - Config - scheduledPoolSize: 20
[2025-05-23 21:23:19 INFO  (main)] - Config - db.port: 3306
[2025-05-23 21:23:19 INFO  (main)] - Config - server.port: 14444
[2025-05-23 21:23:19 INFO  (main)] - Config - db.minconnections: 15
[2025-05-23 21:23:19 INFO  (main)] - Config - websocket.host: ws://localhost
[2025-05-23 21:23:19 INFO  (main)] - Config - server.id: 1
[2025-05-23 21:23:19 INFO  (main)] - Config - game.shinwa.active: true
[2025-05-23 21:23:19 INFO  (main)] - Config - game.login.limit: 20
[2025-05-23 21:23:19 INFO  (main)] - Config - db.maxconnections: 20
[2025-05-23 21:23:19 INFO  (main)] - Config - game.item.version: 46
[2025-05-23 21:23:19 INFO  (main)] - Config - game.store.discount: 0
[2025-05-23 21:23:19 INFO  (main)] - Config - game.shinwa.player.max: 20
[2025-05-23 21:23:19 INFO  (main)] - Config - server.notification: Hellos
[2025-05-23 21:23:19 INFO  (main)] - Config - game.map.version: 36
[2025-05-23 21:23:19 INFO  (main)] - Config - ï»¿#Cau: hinh
[2025-05-23 21:23:19 INFO  (main)] - Config - mongodb.user: root
[2025-05-23 21:23:19 INFO  (main)] - Config - game.event: com.nsoz.event.LunarNewYear
[2025-05-23 21:23:19 INFO  (main)] - Config - game.shinwa.max: 10000
[2025-05-23 21:23:19 INFO  (main)] - Config - game.upgrade.percent.add: 0
[2025-05-23 21:23:19 INFO  (main)] - Config - websocket.port: 8020
[2025-05-23 21:23:19 INFO  (main)] - Config - db.driver: com.mysql.cj.jdbc.Driver
[2025-05-23 21:23:19 INFO  (main)] - Config - db.dbname: nsozace
[2025-05-23 21:23:19 INFO  (main)] - Config - threadPoolSize: 50
[2025-05-23 21:23:19 INFO  (main)] - Config - client.data.size.max: 1024
[2025-05-23 21:23:19 INFO  (main)] - Config - game.arena.active: true
[2025-05-23 21:23:19 INFO  (main)] - Config - db.host: localhost
[2025-05-23 21:23:19 INFO  (main)] - Config - game.skill.version: 35
[2025-05-23 21:23:19 INFO  (main)] - Config - game.EXP: 1
[2025-05-23 21:23:19 INFO  (main)] - Config - mongodb.dbname: admin
[2025-05-23 21:23:19 INFO  (main)] - DB Connection Pool has created.
[2025-05-23 21:23:22 INFO  (main)] - Loading list leader board
[2025-05-23 21:23:22 INFO  (main)] - Load list leader board successfully
[2025-05-23 21:23:22 INFO  (main)] - Loading clan data
[2025-05-23 21:23:22 INFO  (main)] - Load clan data successfully
[2025-05-23 21:23:22 INFO  (main)] - Load TDB
[2025-05-23 21:23:22 INFO  (main)] - load finish:Thiên bảng
[2025-05-23 21:23:22 INFO  (main)] - load finish:Địa bảng
[2025-05-23 21:23:22 INFO  (main)] - Load TDB successfully
[2025-05-23 21:23:22 INFO  (Ranked)] - Refresh ranked success.
[2025-05-23 21:23:22 INFO  (main)] - Tự động bảo trì 0h0
[2025-05-23 21:23:22 INFO  (main)] - Start socket post=14444
[2025-05-23 21:23:22 INFO  (main)] - Start server Success!
[2025-05-23 21:23:22 INFO  (Thread-346)] - Connect to socket server successfully!
[2025-05-23 21:24:41 INFO  (main)] - Config - db.password: 
[2025-05-23 21:24:41 INFO  (main)] - Config - game.shinwa.fee: 5000
[2025-05-23 21:24:41 INFO  (main)] - Config - mongodb.password: 
[2025-05-23 21:24:41 INFO  (main)] - Config - server.log.display: false
[2025-05-23 21:24:41 INFO  (main)] - Config - mongodb.host: localhost
[2025-05-23 21:24:41 INFO  (main)] - Config - mongodb.port: 27017
[2025-05-23 21:24:41 INFO  (main)] - Config - db.user: root
[2025-05-23 21:24:41 INFO  (main)] - Config - game.quantity.display.max: 65535
[2025-05-23 21:24:41 INFO  (main)] - Config - game.data.version: 56
[2025-05-23 21:24:41 INFO  (main)] - Config - scheduledPoolSize: 20
[2025-05-23 21:24:41 INFO  (main)] - Config - db.port: 3306
[2025-05-23 21:24:41 INFO  (main)] - Config - server.port: 14444
[2025-05-23 21:24:41 INFO  (main)] - Config - db.minconnections: 15
[2025-05-23 21:24:41 INFO  (main)] - Config - websocket.host: ws://localhost
[2025-05-23 21:24:41 INFO  (main)] - Config - server.id: 1
[2025-05-23 21:24:41 INFO  (main)] - Config - game.shinwa.active: true
[2025-05-23 21:24:41 INFO  (main)] - Config - game.login.limit: 20
[2025-05-23 21:24:41 INFO  (main)] - Config - db.maxconnections: 20
[2025-05-23 21:24:41 INFO  (main)] - Config - game.item.version: 46
[2025-05-23 21:24:41 INFO  (main)] - Config - game.store.discount: 0
[2025-05-23 21:24:41 INFO  (main)] - Config - game.shinwa.player.max: 20
[2025-05-23 21:24:41 INFO  (main)] - Config - server.notification: Hellos
[2025-05-23 21:24:41 INFO  (main)] - Config - game.map.version: 36
[2025-05-23 21:24:41 INFO  (main)] - Config - ï»¿#Cau: hinh
[2025-05-23 21:24:41 INFO  (main)] - Config - mongodb.user: root
[2025-05-23 21:24:41 INFO  (main)] - Config - game.event: com.nsoz.event.LunarNewYear
[2025-05-23 21:24:41 INFO  (main)] - Config - game.shinwa.max: 10000
[2025-05-23 21:24:41 INFO  (main)] - Config - game.upgrade.percent.add: 0
[2025-05-23 21:24:41 INFO  (main)] - Config - websocket.port: 8020
[2025-05-23 21:24:41 INFO  (main)] - Config - db.driver: com.mysql.cj.jdbc.Driver
[2025-05-23 21:24:41 INFO  (main)] - Config - db.dbname: nsozace
[2025-05-23 21:24:41 INFO  (main)] - Config - threadPoolSize: 50
[2025-05-23 21:24:41 INFO  (main)] - Config - client.data.size.max: 1024
[2025-05-23 21:24:41 INFO  (main)] - Config - game.arena.active: true
[2025-05-23 21:24:41 INFO  (main)] - Config - db.host: localhost
[2025-05-23 21:24:41 INFO  (main)] - Config - game.skill.version: 35
[2025-05-23 21:24:41 INFO  (main)] - Config - game.EXP: 1
[2025-05-23 21:24:41 INFO  (main)] - Config - mongodb.dbname: admin
[2025-05-23 21:24:41 INFO  (main)] - DB Connection Pool has created.
[2025-05-23 21:24:45 INFO  (main)] - Loading list leader board
[2025-05-23 21:24:45 INFO  (main)] - Load list leader board successfully
[2025-05-23 21:24:45 INFO  (main)] - Loading clan data
[2025-05-23 21:24:45 INFO  (main)] - Load clan data successfully
[2025-05-23 21:24:45 INFO  (main)] - Load TDB
[2025-05-23 21:24:45 INFO  (main)] - load finish:Thiên bảng
[2025-05-23 21:24:45 INFO  (main)] - load finish:Địa bảng
[2025-05-23 21:24:45 INFO  (main)] - Load TDB successfully
[2025-05-23 21:24:45 INFO  (Ranked)] - Refresh ranked success.
[2025-05-23 21:24:45 INFO  (main)] - Tự động bảo trì 0h0
[2025-05-23 21:24:45 INFO  (main)] - Start socket post=14444
[2025-05-23 21:24:45 INFO  (main)] - Start server Success!
[2025-05-23 21:24:45 INFO  (Thread-346)] - Connect to socket server successfully!
[2025-05-23 21:28:25 INFO  (main)] - Config - db.password: 
[2025-05-23 21:28:25 INFO  (main)] - Config - game.shinwa.fee: 5000
[2025-05-23 21:28:25 INFO  (main)] - Config - mongodb.password: 
[2025-05-23 21:28:25 INFO  (main)] - Config - server.log.display: false
[2025-05-23 21:28:25 INFO  (main)] - Config - mongodb.host: localhost
[2025-05-23 21:28:25 INFO  (main)] - Config - mongodb.port: 27017
[2025-05-23 21:28:25 INFO  (main)] - Config - db.user: root
[2025-05-23 21:28:25 INFO  (main)] - Config - game.quantity.display.max: 65535
[2025-05-23 21:28:25 INFO  (main)] - Config - game.data.version: 56
[2025-05-23 21:28:25 INFO  (main)] - Config - scheduledPoolSize: 20
[2025-05-23 21:28:25 INFO  (main)] - Config - db.port: 3306
[2025-05-23 21:28:25 INFO  (main)] - Config - server.port: 14444
[2025-05-23 21:28:25 INFO  (main)] - Config - db.minconnections: 15
[2025-05-23 21:28:25 INFO  (main)] - Config - websocket.host: ws://localhost
[2025-05-23 21:28:25 INFO  (main)] - Config - server.id: 1
[2025-05-23 21:28:25 INFO  (main)] - Config - game.shinwa.active: true
[2025-05-23 21:28:25 INFO  (main)] - Config - game.login.limit: 20
[2025-05-23 21:28:25 INFO  (main)] - Config - db.maxconnections: 20
[2025-05-23 21:28:25 INFO  (main)] - Config - game.item.version: 46
[2025-05-23 21:28:25 INFO  (main)] - Config - game.store.discount: 0
[2025-05-23 21:28:25 INFO  (main)] - Config - game.shinwa.player.max: 20
[2025-05-23 21:28:25 INFO  (main)] - Config - server.notification: Hellos
[2025-05-23 21:28:25 INFO  (main)] - Config - game.map.version: 36
[2025-05-23 21:28:25 INFO  (main)] - Config - ï»¿#Cau: hinh
[2025-05-23 21:28:25 INFO  (main)] - Config - mongodb.user: root
[2025-05-23 21:28:25 INFO  (main)] - Config - game.event: com.nsoz.event.LunarNewYear
[2025-05-23 21:28:25 INFO  (main)] - Config - game.shinwa.max: 10000
[2025-05-23 21:28:25 INFO  (main)] - Config - game.upgrade.percent.add: 0
[2025-05-23 21:28:25 INFO  (main)] - Config - websocket.port: 8020
[2025-05-23 21:28:25 INFO  (main)] - Config - db.driver: com.mysql.cj.jdbc.Driver
[2025-05-23 21:28:25 INFO  (main)] - Config - db.dbname: nsozace
[2025-05-23 21:28:25 INFO  (main)] - Config - threadPoolSize: 50
[2025-05-23 21:28:25 INFO  (main)] - Config - client.data.size.max: 1024
[2025-05-23 21:28:25 INFO  (main)] - Config - game.arena.active: true
[2025-05-23 21:28:25 INFO  (main)] - Config - db.host: localhost
[2025-05-23 21:28:25 INFO  (main)] - Config - game.skill.version: 35
[2025-05-23 21:28:25 INFO  (main)] - Config - game.EXP: 1
[2025-05-23 21:28:25 INFO  (main)] - Config - mongodb.dbname: admin
[2025-05-23 21:28:25 INFO  (main)] - DB Connection Pool has created.
[2025-05-23 21:28:29 INFO  (main)] - Loading list leader board
[2025-05-23 21:28:29 INFO  (main)] - Load list leader board successfully
[2025-05-23 21:28:29 INFO  (main)] - Loading clan data
[2025-05-23 21:28:29 INFO  (main)] - Load clan data successfully
[2025-05-23 21:28:29 INFO  (main)] - Load TDB
[2025-05-23 21:28:29 INFO  (main)] - load finish:Thiên bảng
[2025-05-23 21:28:29 INFO  (main)] - load finish:Địa bảng
[2025-05-23 21:28:29 INFO  (main)] - Load TDB successfully
[2025-05-23 21:28:30 INFO  (Ranked)] - Refresh ranked success.
[2025-05-23 21:28:30 INFO  (main)] - Tự động bảo trì 0h0
[2025-05-23 21:28:30 INFO  (main)] - Start socket post=14444
[2025-05-23 21:28:30 INFO  (main)] - Start server Success!
[2025-05-23 21:28:30 INFO  (Thread-346)] - Connect to socket server successfully!
[2025-05-23 21:41:45 INFO  (main)] - Config - db.password: 
[2025-05-23 21:41:45 INFO  (main)] - Config - game.shinwa.fee: 5000
[2025-05-23 21:41:45 INFO  (main)] - Config - mongodb.password: 
[2025-05-23 21:41:45 INFO  (main)] - Config - server.log.display: false
[2025-05-23 21:41:45 INFO  (main)] - Config - mongodb.host: localhost
[2025-05-23 21:41:45 INFO  (main)] - Config - mongodb.port: 27017
[2025-05-23 21:41:45 INFO  (main)] - Config - db.user: root
[2025-05-23 21:41:45 INFO  (main)] - Config - game.quantity.display.max: 65535
[2025-05-23 21:41:45 INFO  (main)] - Config - game.data.version: 56
[2025-05-23 21:41:45 INFO  (main)] - Config - scheduledPoolSize: 20
[2025-05-23 21:41:45 INFO  (main)] - Config - db.port: 3306
[2025-05-23 21:41:45 INFO  (main)] - Config - server.port: 14444
[2025-05-23 21:41:45 INFO  (main)] - Config - db.minconnections: 15
[2025-05-23 21:41:45 INFO  (main)] - Config - websocket.host: ws://localhost
[2025-05-23 21:41:45 INFO  (main)] - Config - server.id: 1
[2025-05-23 21:41:45 INFO  (main)] - Config - game.shinwa.active: true
[2025-05-23 21:41:45 INFO  (main)] - Config - game.login.limit: 20
[2025-05-23 21:41:45 INFO  (main)] - Config - db.maxconnections: 20
[2025-05-23 21:41:45 INFO  (main)] - Config - game.item.version: 46
[2025-05-23 21:41:45 INFO  (main)] - Config - game.store.discount: 0
[2025-05-23 21:41:45 INFO  (main)] - Config - game.shinwa.player.max: 20
[2025-05-23 21:41:45 INFO  (main)] - Config - server.notification: Hellos
[2025-05-23 21:41:45 INFO  (main)] - Config - game.map.version: 36
[2025-05-23 21:41:45 INFO  (main)] - Config - ï»¿#Cau: hinh
[2025-05-23 21:41:45 INFO  (main)] - Config - mongodb.user: root
[2025-05-23 21:41:45 INFO  (main)] - Config - game.event: com.nsoz.event.LunarNewYear
[2025-05-23 21:41:45 INFO  (main)] - Config - game.shinwa.max: 10000
[2025-05-23 21:41:45 INFO  (main)] - Config - game.upgrade.percent.add: 0
[2025-05-23 21:41:45 INFO  (main)] - Config - websocket.port: 8020
[2025-05-23 21:41:45 INFO  (main)] - Config - db.driver: com.mysql.cj.jdbc.Driver
[2025-05-23 21:41:45 INFO  (main)] - Config - db.dbname: nsozace
[2025-05-23 21:41:45 INFO  (main)] - Config - threadPoolSize: 50
[2025-05-23 21:41:45 INFO  (main)] - Config - client.data.size.max: 1024
[2025-05-23 21:41:45 INFO  (main)] - Config - game.arena.active: true
[2025-05-23 21:41:45 INFO  (main)] - Config - db.host: localhost
[2025-05-23 21:41:45 INFO  (main)] - Config - game.skill.version: 35
[2025-05-23 21:41:45 INFO  (main)] - Config - game.EXP: 1
[2025-05-23 21:41:45 INFO  (main)] - Config - mongodb.dbname: admin
[2025-05-23 21:41:45 INFO  (main)] - DB Connection Pool has created.
[2025-05-23 21:41:47 INFO  (main)] - Loading list leader board
[2025-05-23 21:41:47 INFO  (main)] - Load list leader board successfully
[2025-05-23 21:41:47 INFO  (main)] - Loading clan data
[2025-05-23 21:41:47 INFO  (main)] - Load clan data successfully
[2025-05-23 21:41:47 INFO  (main)] - Load TDB
[2025-05-23 21:41:47 INFO  (main)] - load finish:Thiên bảng
[2025-05-23 21:41:47 INFO  (main)] - load finish:Địa bảng
[2025-05-23 21:41:47 INFO  (main)] - Load TDB successfully
[2025-05-23 21:41:47 INFO  (Ranked)] - Refresh ranked success.
[2025-05-23 21:41:48 INFO  (main)] - Tự động bảo trì 0h0
[2025-05-23 21:41:48 INFO  (main)] - Start socket post=14444
[2025-05-23 21:41:48 INFO  (main)] - Start server Success!
[2025-05-23 21:41:48 INFO  (Thread-346)] - Connect to socket server successfully!
[2026-05-10 16:09:07 INFO  (main)] - Config - db.password: 
[2026-05-10 16:09:07 INFO  (main)] - Config - game.shinwa.fee: 5000
[2026-05-10 16:09:07 INFO  (main)] - Config - mongodb.password: 
[2026-05-10 16:09:07 INFO  (main)] - Config - server.log.display: false
[2026-05-10 16:09:07 INFO  (main)] - Config - mongodb.host: localhost
[2026-05-10 16:09:07 INFO  (main)] - Config - mongodb.port: 27017
[2026-05-10 16:09:07 INFO  (main)] - Config - db.user: root
[2026-05-10 16:09:07 INFO  (main)] - Config - game.quantity.display.max: 65535
[2026-05-10 16:09:07 INFO  (main)] - Config - game.data.version: 56
[2026-05-10 16:09:07 INFO  (main)] - Config - scheduledPoolSize: 20
[2026-05-10 16:09:07 INFO  (main)] - Config - db.port: 3306
[2026-05-10 16:09:07 INFO  (main)] - Config - server.port: 14444
[2026-05-10 16:09:07 INFO  (main)] - Config - db.minconnections: 15
[2026-05-10 16:09:07 INFO  (main)] - Config - websocket.host: ws://localhost
[2026-05-10 16:09:07 INFO  (main)] - Config - server.id: 1
[2026-05-10 16:09:07 INFO  (main)] - Config - game.shinwa.active: true
[2026-05-10 16:09:07 INFO  (main)] - Config - game.login.limit: 20
[2026-05-10 16:09:07 INFO  (main)] - Config - db.maxconnections: 20
[2026-05-10 16:09:07 INFO  (main)] - Config - game.item.version: 46
[2026-05-10 16:09:07 INFO  (main)] - Config - game.store.discount: 0
[2026-05-10 16:09:07 INFO  (main)] - Config - game.shinwa.player.max: 20
[2026-05-10 16:09:07 INFO  (main)] - Config - server.notification: Hellos
[2026-05-10 16:09:07 INFO  (main)] - Config - game.map.version: 36
[2026-05-10 16:09:07 INFO  (main)] - Config - ï»¿#Cau: hinh
[2026-05-10 16:09:07 INFO  (main)] - Config - mongodb.user: root
[2026-05-10 16:09:07 INFO  (main)] - Config - game.event: com.nsoz.event.LunarNewYear
[2026-05-10 16:09:07 INFO  (main)] - Config - game.shinwa.max: 10000
[2026-05-10 16:09:07 INFO  (main)] - Config - game.upgrade.percent.add: 0
[2026-05-10 16:09:07 INFO  (main)] - Config - websocket.port: 8020
[2026-05-10 16:09:07 INFO  (main)] - Config - db.driver: com.mysql.cj.jdbc.Driver
[2026-05-10 16:09:07 INFO  (main)] - Config - db.dbname: nsozace
[2026-05-10 16:09:07 INFO  (main)] - Config - threadPoolSize: 50
[2026-05-10 16:09:07 INFO  (main)] - Config - client.data.size.max: 1024
[2026-05-10 16:09:07 INFO  (main)] - Config - game.arena.active: true
[2026-05-10 16:09:07 INFO  (main)] - Config - db.host: localhost
[2026-05-10 16:09:07 INFO  (main)] - Config - game.skill.version: 35
[2026-05-10 16:09:07 INFO  (main)] - Config - game.EXP: 1
[2026-05-10 16:09:07 INFO  (main)] - Config - mongodb.dbname: admin
[2026-05-10 16:09:09 ERROR (main)] - DB Connection Pool Creation has failed.
[2026-05-10 16:17:47 INFO  (main)] - Config - db.password: 
[2026-05-10 16:17:47 INFO  (main)] - Config - game.shinwa.fee: 5000
[2026-05-10 16:17:47 INFO  (main)] - Config - mongodb.password: 
[2026-05-10 16:17:47 INFO  (main)] - Config - server.log.display: false
[2026-05-10 16:17:47 INFO  (main)] - Config - mongodb.host: localhost
[2026-05-10 16:17:47 INFO  (main)] - Config - mongodb.port: 27017
[2026-05-10 16:17:47 INFO  (main)] - Config - db.user: root
[2026-05-10 16:17:47 INFO  (main)] - Config - game.quantity.display.max: 65535
[2026-05-10 16:17:47 INFO  (main)] - Config - game.data.version: 56
[2026-05-10 16:17:47 INFO  (main)] - Config - scheduledPoolSize: 20
[2026-05-10 16:17:47 INFO  (main)] - Config - db.port: 3307
[2026-05-10 16:17:47 INFO  (main)] - Config - server.port: 14444
[2026-05-10 16:17:47 INFO  (main)] - Config - db.minconnections: 15
[2026-05-10 16:17:47 INFO  (main)] - Config - websocket.host: ws://localhost
[2026-05-10 16:17:47 INFO  (main)] - Config - server.id: 1
[2026-05-10 16:17:47 INFO  (main)] - Config - game.shinwa.active: true
[2026-05-10 16:17:47 INFO  (main)] - Config - game.login.limit: 20
[2026-05-10 16:17:47 INFO  (main)] - Config - db.maxconnections: 20
[2026-05-10 16:17:47 INFO  (main)] - Config - game.item.version: 46
[2026-05-10 16:17:47 INFO  (main)] - Config - game.store.discount: 0
[2026-05-10 16:17:47 INFO  (main)] - Config - game.shinwa.player.max: 20
[2026-05-10 16:17:47 INFO  (main)] - Config - server.notification: Hellos
[2026-05-10 16:17:47 INFO  (main)] - Config - game.map.version: 36
[2026-05-10 16:17:47 INFO  (main)] - Config - ï»¿#Cau: hinh
[2026-05-10 16:17:47 INFO  (main)] - Config - mongodb.user: root
[2026-05-10 16:17:47 INFO  (main)] - Config - game.event: com.nsoz.event.LunarNewYear
[2026-05-10 16:17:47 INFO  (main)] - Config - game.shinwa.max: 10000
[2026-05-10 16:17:47 INFO  (main)] - Config - game.upgrade.percent.add: 0
[2026-05-10 16:17:47 INFO  (main)] - Config - websocket.port: 8020
[2026-05-10 16:17:47 INFO  (main)] - Config - db.driver: com.mysql.cj.jdbc.Driver
[2026-05-10 16:17:47 INFO  (main)] - Config - db.dbname: db_shop
[2026-05-10 16:17:47 INFO  (main)] - Config - threadPoolSize: 50
[2026-05-10 16:17:47 INFO  (main)] - Config - client.data.size.max: 1024
[2026-05-10 16:17:47 INFO  (main)] - Config - game.arena.active: true
[2026-05-10 16:17:47 INFO  (main)] - Config - db.host: localhost
[2026-05-10 16:17:47 INFO  (main)] - Config - game.skill.version: 35
[2026-05-10 16:17:47 INFO  (main)] - Config - game.EXP: 1
[2026-05-10 16:17:47 INFO  (main)] - Config - mongodb.dbname: admin
[2026-05-10 16:17:47 INFO  (main)] - DB Connection Pool has created.
[2026-05-10 16:17:49 INFO  (main)] - Loading list leader board
[2026-05-10 16:17:49 INFO  (main)] - Load list leader board successfully
[2026-05-10 16:17:49 INFO  (main)] - Loading clan data
[2026-05-10 16:17:49 INFO  (main)] - Load clan data successfully
[2026-05-10 16:17:49 INFO  (main)] - Load TDB
[2026-05-10 16:17:49 INFO  (main)] - load finish:Thiên bảng
[2026-05-10 16:17:49 INFO  (main)] - load finish:Địa bảng
[2026-05-10 16:17:49 INFO  (main)] - Load TDB successfully
[2026-05-10 16:17:49 INFO  (Ranked)] - Refresh ranked success.
[2026-05-10 16:17:50 INFO  (main)] - Tự động bảo trì 0h0
[2026-05-10 16:17:50 INFO  (main)] - Start socket post=14444
[2026-05-10 16:17:50 INFO  (main)] - Start server Success!
[2026-05-10 16:17:50 INFO  (Thread-346)] - Connect to socket server successfully!
[2026-05-10 16:22:21 INFO  (main)] - Config - db.password: 
[2026-05-10 16:22:21 INFO  (main)] - Config - game.shinwa.fee: 5000
[2026-05-10 16:22:21 INFO  (main)] - Config - mongodb.password: 
[2026-05-10 16:22:21 INFO  (main)] - Config - server.log.display: false
[2026-05-10 16:22:21 INFO  (main)] - Config - mongodb.host: localhost
[2026-05-10 16:22:21 INFO  (main)] - Config - mongodb.port: 27017
[2026-05-10 16:22:21 INFO  (main)] - Config - db.user: root
[2026-05-10 16:22:21 INFO  (main)] - Config - game.quantity.display.max: 65535
[2026-05-10 16:22:21 INFO  (main)] - Config - game.data.version: 56
[2026-05-10 16:22:21 INFO  (main)] - Config - scheduledPoolSize: 20
[2026-05-10 16:22:21 INFO  (main)] - Config - db.port: 3307
[2026-05-10 16:22:21 INFO  (main)] - Config - server.port: 14444
[2026-05-10 16:22:21 INFO  (main)] - Config - db.minconnections: 15
[2026-05-10 16:22:21 INFO  (main)] - Config - websocket.host: ws://localhost
[2026-05-10 16:22:21 INFO  (main)] - Config - server.id: 1
[2026-05-10 16:22:21 INFO  (main)] - Config - game.shinwa.active: true
[2026-05-10 16:22:21 INFO  (main)] - Config - game.login.limit: 20
[2026-05-10 16:22:21 INFO  (main)] - Config - db.maxconnections: 20
[2026-05-10 16:22:21 INFO  (main)] - Config - game.item.version: 46
[2026-05-10 16:22:21 INFO  (main)] - Config - game.store.discount: 0
[2026-05-10 16:22:21 INFO  (main)] - Config - game.shinwa.player.max: 20
[2026-05-10 16:22:21 INFO  (main)] - Config - server.notification: Hellos
[2026-05-10 16:22:21 INFO  (main)] - Config - game.map.version: 36
[2026-05-10 16:22:21 INFO  (main)] - Config - ï»¿#Cau: hinh
[2026-05-10 16:22:21 INFO  (main)] - Config - mongodb.user: root
[2026-05-10 16:22:21 INFO  (main)] - Config - game.event: com.nsoz.event.LunarNewYear
[2026-05-10 16:22:21 INFO  (main)] - Config - game.shinwa.max: 10000
[2026-05-10 16:22:21 INFO  (main)] - Config - game.upgrade.percent.add: 0
[2026-05-10 16:22:21 INFO  (main)] - Config - websocket.port: 8020
[2026-05-10 16:22:21 INFO  (main)] - Config - db.driver: com.mysql.cj.jdbc.Driver
[2026-05-10 16:22:21 INFO  (main)] - Config - db.dbname: db_shop
[2026-05-10 16:22:21 INFO  (main)] - Config - threadPoolSize: 50
[2026-05-10 16:22:21 INFO  (main)] - Config - client.data.size.max: 1024
[2026-05-10 16:22:21 INFO  (main)] - Config - game.arena.active: true
[2026-05-10 16:22:21 INFO  (main)] - Config - db.host: localhost
[2026-05-10 16:22:21 INFO  (main)] - Config - game.skill.version: 35
[2026-05-10 16:22:21 INFO  (main)] - Config - game.EXP: 1
[2026-05-10 16:22:21 INFO  (main)] - Config - mongodb.dbname: admin
[2026-05-10 16:22:22 INFO  (main)] - DB Connection Pool has created.
[2026-05-10 16:22:23 INFO  (main)] - Loading list leader board
[2026-05-10 16:22:23 INFO  (main)] - Load list leader board successfully
[2026-05-10 16:22:23 INFO  (main)] - Loading clan data
[2026-05-10 16:22:23 INFO  (main)] - Load clan data successfully
[2026-05-10 16:22:23 INFO  (main)] - Load TDB
[2026-05-10 16:22:23 INFO  (main)] - load finish:Thiên bảng
[2026-05-10 16:22:23 INFO  (main)] - load finish:Địa bảng
[2026-05-10 16:22:23 INFO  (main)] - Load TDB successfully
[2026-05-10 16:22:23 INFO  (Ranked)] - Refresh ranked success.
[2026-05-10 16:22:23 INFO  (main)] - Tự động bảo trì 0h0
[2026-05-10 16:22:23 INFO  (main)] - Start socket post=14444
[2026-05-10 16:22:23 INFO  (main)] - Start server Success!
[2026-05-10 16:22:23 INFO  (Thread-346)] - Connect to socket server successfully!
[2026-05-10 16:22:32 INFO  (AWT-EventQueue-0)] - Bắt đầu khởi động lại!
[2026-05-10 16:22:32 INFO  (AWT-EventQueue-0)] - DB Connection Pool is shutting down.
[2026-05-10 16:22:32 INFO  (AWT-EventQueue-0)] - DB Connection Pool has created.
[2026-05-10 16:22:32 INFO  (AWT-EventQueue-0)] - Khởi động xong!
[2026-05-10 16:22:34 INFO  (AWT-EventQueue-0)] - Làm mới bảng xếp hạng
[2026-05-10 16:22:34 INFO  (AWT-EventQueue-0)] - Refresh ranked success.
[2026-05-10 16:22:40 INFO  (AWT-EventQueue-0)] - Lưu Shinwa
[2026-05-10 16:22:40 INFO  (AWT-EventQueue-0)] - Lưu xong
[2026-05-10 16:25:54 INFO  (Thread-526)] - Chuẩn bị đóng máy chủ.
[2026-05-10 16:25:54 INFO  (Thread-526)] - Hệ thống Đóng sau 5 phút.
[2026-05-10 16:26:12 INFO  (AWT-EventQueue-0)] - Lưu Shinwa
[2026-05-10 16:26:12 INFO  (AWT-EventQueue-0)] - Lưu xong
[2026-05-10 16:26:13 INFO  (AWT-EventQueue-0)] - Lưu dữ liệu gia tộc.
[2026-05-10 16:26:13 INFO  (AWT-EventQueue-0)] - Lưu xong
[2026-05-10 16:26:54 INFO  (Thread-526)] - Hệ thống Đóng sau 1 phút.
[2026-05-10 16:26:59 INFO  (Thread-526)] - Hệ thống Bắt đầu đóng máy chủ.
[2026-05-10 16:26:59 INFO  (Thread-526)] - End socket
[2026-05-10 16:29:03 INFO  (main)] - Config - db.password: 
[2026-05-10 16:29:03 INFO  (main)] - Config - game.shinwa.fee: 5000
[2026-05-10 16:29:03 INFO  (main)] - Config - mongodb.password: 
[2026-05-10 16:29:03 INFO  (main)] - Config - server.log.display: false
[2026-05-10 16:29:03 INFO  (main)] - Config - mongodb.host: localhost
[2026-05-10 16:29:03 INFO  (main)] - Config - mongodb.port: 27017
[2026-05-10 16:29:03 INFO  (main)] - Config - db.user: root
[2026-05-10 16:29:03 INFO  (main)] - Config - game.quantity.display.max: 65535
[2026-05-10 16:29:03 INFO  (main)] - Config - game.data.version: 56
[2026-05-10 16:29:03 INFO  (main)] - Config - scheduledPoolSize: 20
[2026-05-10 16:29:03 INFO  (main)] - Config - db.port: 3307
[2026-05-10 16:29:03 INFO  (main)] - Config - server.port: 14444
[2026-05-10 16:29:03 INFO  (main)] - Config - db.minconnections: 15
[2026-05-10 16:29:03 INFO  (main)] - Config - websocket.host: ws://localhost
[2026-05-10 16:29:03 INFO  (main)] - Config - server.id: 1
[2026-05-10 16:29:03 INFO  (main)] - Config - game.shinwa.active: true
[2026-05-10 16:29:03 INFO  (main)] - Config - game.login.limit: 20
[2026-05-10 16:29:03 INFO  (main)] - Config - db.maxconnections: 20
[2026-05-10 16:29:03 INFO  (main)] - Config - game.item.version: 46
[2026-05-10 16:29:03 INFO  (main)] - Config - game.store.discount: 0
[2026-05-10 16:29:03 INFO  (main)] - Config - game.shinwa.player.max: 20
[2026-05-10 16:29:03 INFO  (main)] - Config - server.notification: Hellos
[2026-05-10 16:29:03 INFO  (main)] - Config - game.map.version: 36
[2026-05-10 16:29:03 INFO  (main)] - Config - ï»¿#Cau: hinh
[2026-05-10 16:29:03 INFO  (main)] - Config - mongodb.user: root
[2026-05-10 16:29:03 INFO  (main)] - Config - game.event: com.nsoz.event.LunarNewYear
[2026-05-10 16:29:03 INFO  (main)] - Config - game.shinwa.max: 10000
[2026-05-10 16:29:03 INFO  (main)] - Config - game.upgrade.percent.add: 0
[2026-05-10 16:29:03 INFO  (main)] - Config - websocket.port: 8020
[2026-05-10 16:29:03 INFO  (main)] - Config - db.driver: com.mysql.cj.jdbc.Driver
[2026-05-10 16:29:03 INFO  (main)] - Config - db.dbname: db_shop
[2026-05-10 16:29:03 INFO  (main)] - Config - threadPoolSize: 50
[2026-05-10 16:29:03 INFO  (main)] - Config - client.data.size.max: 1024
[2026-05-10 16:29:03 INFO  (main)] - Config - game.arena.active: true
[2026-05-10 16:29:03 INFO  (main)] - Config - db.host: localhost
[2026-05-10 16:29:03 INFO  (main)] - Config - game.skill.version: 35
[2026-05-10 16:29:03 INFO  (main)] - Config - game.EXP: 1
[2026-05-10 16:29:03 INFO  (main)] - Config - mongodb.dbname: admin
[2026-05-10 16:29:03 INFO  (main)] - DB Connection Pool has created.
[2026-05-10 16:29:05 INFO  (main)] - Loading list leader board
[2026-05-10 16:29:05 INFO  (main)] - Load list leader board successfully
[2026-05-10 16:29:05 INFO  (main)] - Loading clan data
[2026-05-10 16:29:05 INFO  (main)] - Load clan data successfully
[2026-05-10 16:29:05 INFO  (main)] - Load TDB
[2026-05-10 16:29:05 INFO  (main)] - load finish:Thiên bảng
[2026-05-10 16:29:05 INFO  (main)] - load finish:Địa bảng
[2026-05-10 16:29:05 INFO  (main)] - Load TDB successfully
[2026-05-10 16:29:05 INFO  (Ranked)] - Refresh ranked success.
[2026-05-10 16:29:05 INFO  (main)] - Tự động bảo trì 0h0
[2026-05-10 16:29:05 INFO  (main)] - Start socket post=14444
[2026-05-10 16:29:05 INFO  (main)] - Start server Success!
[2026-05-10 16:29:05 INFO  (Thread-346)] - Connect to socket server successfully!
[2026-05-10 17:22:04 INFO  (main)] - Config - db.password: 
[2026-05-10 17:22:04 INFO  (main)] - Config - game.shinwa.fee: 5000
[2026-05-10 17:22:04 INFO  (main)] - Config - mongodb.password: 
[2026-05-10 17:22:04 INFO  (main)] - Config - server.log.display: false
[2026-05-10 17:22:04 INFO  (main)] - Config - mongodb.host: localhost
[2026-05-10 17:22:04 INFO  (main)] - Config - mongodb.port: 27017
[2026-05-10 17:22:04 INFO  (main)] - Config - db.user: root
[2026-05-10 17:22:04 INFO  (main)] - Config - game.quantity.display.max: 65535
[2026-05-10 17:22:04 INFO  (main)] - Config - game.data.version: 56
[2026-05-10 17:22:04 INFO  (main)] - Config - scheduledPoolSize: 20
[2026-05-10 17:22:04 INFO  (main)] - Config - db.port: 3307
[2026-05-10 17:22:04 INFO  (main)] - Config - server.port: 14444
[2026-05-10 17:22:04 INFO  (main)] - Config - db.minconnections: 15
[2026-05-10 17:22:04 INFO  (main)] - Config - websocket.host: ws://localhost
[2026-05-10 17:22:04 INFO  (main)] - Config - server.id: 1
[2026-05-10 17:22:04 INFO  (main)] - Config - game.shinwa.active: true
[2026-05-10 17:22:04 INFO  (main)] - Config - game.login.limit: 20
[2026-05-10 17:22:04 INFO  (main)] - Config - db.maxconnections: 20
[2026-05-10 17:22:04 INFO  (main)] - Config - game.item.version: 46
[2026-05-10 17:22:04 INFO  (main)] - Config - game.store.discount: 0
[2026-05-10 17:22:04 INFO  (main)] - Config - game.shinwa.player.max: 20
[2026-05-10 17:22:04 INFO  (main)] - Config - server.notification: Hellos
[2026-05-10 17:22:04 INFO  (main)] - Config - game.map.version: 36
[2026-05-10 17:22:04 INFO  (main)] - Config - ï»¿#Cau: hinh
[2026-05-10 17:22:04 INFO  (main)] - Config - mongodb.user: root
[2026-05-10 17:22:04 INFO  (main)] - Config - game.event: com.nsoz.event.LunarNewYear
[2026-05-10 17:22:04 INFO  (main)] - Config - game.shinwa.max: 10000
[2026-05-10 17:22:04 INFO  (main)] - Config - game.upgrade.percent.add: 0
[2026-05-10 17:22:04 INFO  (main)] - Config - websocket.port: 8020
[2026-05-10 17:22:04 INFO  (main)] - Config - db.driver: com.mysql.cj.jdbc.Driver
[2026-05-10 17:22:04 INFO  (main)] - Config - db.dbname: db_shop
[2026-05-10 17:22:04 INFO  (main)] - Config - threadPoolSize: 50
[2026-05-10 17:22:04 INFO  (main)] - Config - client.data.size.max: 1024
[2026-05-10 17:22:04 INFO  (main)] - Config - game.arena.active: true
[2026-05-10 17:22:04 INFO  (main)] - Config - db.host: localhost
[2026-05-10 17:22:04 INFO  (main)] - Config - game.skill.version: 35
[2026-05-10 17:22:04 INFO  (main)] - Config - game.EXP: 1
[2026-05-10 17:22:04 INFO  (main)] - Config - mongodb.dbname: admin
[2026-05-10 17:22:04 INFO  (main)] - DB Connection Pool has created.
[2026-05-10 17:22:06 INFO  (main)] - Loading list leader board
[2026-05-10 17:22:06 INFO  (main)] - Load list leader board successfully
[2026-05-10 17:22:06 INFO  (main)] - Loading clan data
[2026-05-10 17:22:06 INFO  (main)] - Load clan data successfully
[2026-05-10 17:22:06 INFO  (main)] - Load TDB
[2026-05-10 17:22:06 INFO  (main)] - load finish:Thiên bảng
[2026-05-10 17:22:06 INFO  (main)] - load finish:Địa bảng
[2026-05-10 17:22:06 INFO  (main)] - Load TDB successfully
[2026-05-10 17:22:06 INFO  (Ranked)] - Refresh ranked success.
[2026-05-10 17:22:06 INFO  (main)] - Tự động bảo trì 0h0
[2026-05-10 17:22:06 INFO  (main)] - Start socket post=14444
[2026-05-10 17:22:06 INFO  (main)] - Start server Success!
[2026-05-10 17:22:06 INFO  (Thread-346)] - Connect to socket server successfully!
[2026-05-12 22:33:14 INFO  (main)] - Config - db.maxconnections: 20
[2026-05-12 22:33:14 INFO  (main)] - Config - game.item.version: 46
[2026-05-12 22:33:14 INFO  (main)] - Config - db.password: 123456
[2026-05-12 22:33:14 INFO  (main)] - Config - server.notification: Welcome to NSO Server
[2026-05-12 22:33:14 INFO  (main)] - Config - game.map.version: 36
[2026-05-12 22:33:14 INFO  (main)] - Config - server.log.display: false
[2026-05-12 22:33:14 INFO  (main)] - Config - db.driver: com.mysql.cj.jdbc.Driver
[2026-05-12 22:33:14 INFO  (main)] - Config - db.user: nso
[2026-05-12 22:33:14 INFO  (main)] - Config - game.data.version: 56
[2026-05-12 22:33:14 INFO  (main)] - Config - db.dbname: db_shop
[2026-05-12 22:33:14 INFO  (main)] - Config - threadPoolSize: 50
[2026-05-12 22:33:14 INFO  (main)] - Config - scheduledPoolSize: 20
[2026-05-12 22:33:14 INFO  (main)] - Config - client.data.size.max: 1024
[2026-05-12 22:33:14 INFO  (main)] - Config - db.port: 3306
[2026-05-12 22:33:14 INFO  (main)] - Config - server.port: 14444
[2026-05-12 22:33:14 INFO  (main)] - Config - db.minconnections: 15
[2026-05-12 22:33:14 INFO  (main)] - Config - db.host: localhost
[2026-05-12 22:33:14 INFO  (main)] - Config - game.skill.version: 35
[2026-05-12 22:33:14 INFO  (main)] - Config - game.EXP: 1
[2026-05-12 22:33:14 INFO  (main)] - Config - server.id: 1
[2026-05-12 22:33:14 ERROR (main)] - load config err: Cannot parse null string
java.lang.NumberFormatException: Cannot parse null string
	at java.base/java.lang.Integer.parseInt(Integer.java:623)
	at java.base/java.lang.Integer.parseInt(Integer.java:777)
	at com.nsoz.server.Config.load(Config.java:95)
	at com.nsoz.server.NinjaSchool.main(NinjaSchool.java:91)
[2026-05-12 22:33:14 ERROR (main)] - Vui long kiem tra lai cau hinh!
[2026-05-12 22:35:50 INFO  (main)] - Config - db.password: 
[2026-05-12 22:35:50 INFO  (main)] - Config - game.shinwa.fee: 5000
[2026-05-12 22:35:50 INFO  (main)] - Config - mongodb.password: 
[2026-05-12 22:35:50 INFO  (main)] - Config - server.log.display: false
[2026-05-12 22:35:50 INFO  (main)] - Config - mongodb.host: localhost
[2026-05-12 22:35:50 INFO  (main)] - Config - mongodb.port: 27017
[2026-05-12 22:35:50 INFO  (main)] - Config - db.user: root
[2026-05-12 22:35:50 INFO  (main)] - Config - game.quantity.display.max: 65535
[2026-05-12 22:35:50 INFO  (main)] - Config - game.data.version: 56
[2026-05-12 22:35:50 INFO  (main)] - Config - scheduledPoolSize: 20
[2026-05-12 22:35:50 INFO  (main)] - Config - db.port: 3307
[2026-05-12 22:35:50 INFO  (main)] - Config - server.port: 14444
[2026-05-12 22:35:50 INFO  (main)] - Config - db.minconnections: 15
[2026-05-12 22:35:50 INFO  (main)] - Config - websocket.host: ws://localhost
[2026-05-12 22:35:50 INFO  (main)] - Config - server.id: 1
[2026-05-12 22:35:50 INFO  (main)] - Config - game.shinwa.active: true
[2026-05-12 22:35:50 INFO  (main)] - Config - game.login.limit: 20
[2026-05-12 22:35:50 INFO  (main)] - Config - db.maxconnections: 20
[2026-05-12 22:35:50 INFO  (main)] - Config - game.item.version: 46
[2026-05-12 22:35:50 INFO  (main)] - Config - game.store.discount: 0
[2026-05-12 22:35:50 INFO  (main)] - Config - game.shinwa.player.max: 20
[2026-05-12 22:35:50 INFO  (main)] - Config - server.notification: Hellos
[2026-05-12 22:35:50 INFO  (main)] - Config - game.map.version: 36
[2026-05-12 22:35:50 INFO  (main)] - Config - ï»¿#Cau: hinh
[2026-05-12 22:35:50 INFO  (main)] - Config - mongodb.user: root
[2026-05-12 22:35:50 INFO  (main)] - Config - game.event: com.nsoz.event.LunarNewYear
[2026-05-12 22:35:50 INFO  (main)] - Config - game.shinwa.max: 10000
[2026-05-12 22:35:50 INFO  (main)] - Config - game.upgrade.percent.add: 0
[2026-05-12 22:35:50 INFO  (main)] - Config - websocket.port: 8020
[2026-05-12 22:35:50 INFO  (main)] - Config - db.driver: com.mysql.cj.jdbc.Driver
[2026-05-12 22:35:50 INFO  (main)] - Config - db.dbname: db_shop
[2026-05-12 22:35:50 INFO  (main)] - Config - threadPoolSize: 50
[2026-05-12 22:35:50 INFO  (main)] - Config - client.data.size.max: 1024
[2026-05-12 22:35:50 INFO  (main)] - Config - game.arena.active: true
[2026-05-12 22:35:50 INFO  (main)] - Config - db.host: localhost
[2026-05-12 22:35:50 INFO  (main)] - Config - game.skill.version: 35
[2026-05-12 22:35:50 INFO  (main)] - Config - game.EXP: 1
[2026-05-12 22:35:50 INFO  (main)] - Config - mongodb.dbname: admin
[2026-05-12 22:35:51 ERROR (main)] - DB Connection Pool Creation has failed.
[2026-05-12 22:38:54 INFO  (main)] - Config - db.password: 123456
[2026-05-12 22:38:54 INFO  (main)] - Config - game.shinwa.fee: 5000
[2026-05-12 22:38:54 INFO  (main)] - Config - server.log.display: false
[2026-05-12 22:38:54 INFO  (main)] - Config - db.user: nso
[2026-05-12 22:38:54 INFO  (main)] - Config - game.quantity.display.max: 65535
[2026-05-12 22:38:54 INFO  (main)] - Config - game.data.version: 56
[2026-05-12 22:38:54 INFO  (main)] - Config - scheduledPoolSize: 20
[2026-05-12 22:38:54 INFO  (main)] - Config - db.port: 3306
[2026-05-12 22:38:54 INFO  (main)] - Config - server.port: 14444
[2026-05-12 22:38:54 INFO  (main)] - Config - db.minconnections: 15
[2026-05-12 22:38:54 INFO  (main)] - Config - server.id: 1
[2026-05-12 22:38:54 INFO  (main)] - Config - game.shinwa.active: true
[2026-05-12 22:38:54 INFO  (main)] - Config - game.login.limit: 20
[2026-05-12 22:38:54 INFO  (main)] - Config - db.maxconnections: 20
[2026-05-12 22:38:54 INFO  (main)] - Config - game.item.version: 46
[2026-05-12 22:38:54 INFO  (main)] - Config - game.store.discount: 0
[2026-05-12 22:38:54 INFO  (main)] - Config - game.shinwa.player.max: 20
[2026-05-12 22:38:54 INFO  (main)] - Config - server.notification: Hellos
[2026-05-12 22:38:54 INFO  (main)] - Config - game.map.version: 36
[2026-05-12 22:38:54 INFO  (main)] - Config - game.event: com.nsoz.event.LunarNewYear
[2026-05-12 22:38:54 INFO  (main)] - Config - game.shinwa.max: 10000
[2026-05-12 22:38:54 INFO  (main)] - Config - game.upgrade.percent.add: 0
[2026-05-12 22:38:54 INFO  (main)] - Config - db.driver: com.mysql.cj.jdbc.Driver
[2026-05-12 22:38:54 INFO  (main)] - Config - db.dbname: db_shop
[2026-05-12 22:38:54 INFO  (main)] - Config - threadPoolSize: 50
[2026-05-12 22:38:54 INFO  (main)] - Config - client.data.size.max: 1024
[2026-05-12 22:38:54 INFO  (main)] - Config - game.arena.active: true
[2026-05-12 22:38:54 INFO  (main)] - Config - db.host: localhost
[2026-05-12 22:38:54 INFO  (main)] - Config - game.skill.version: 35
[2026-05-12 22:38:54 INFO  (main)] - Config - game.EXP: 1
[2026-05-12 22:38:54 ERROR (main)] - load config err: Cannot parse null string
java.lang.NumberFormatException: Cannot parse null string
	at java.base/java.lang.Integer.parseInt(Integer.java:623)
	at java.base/java.lang.Integer.parseInt(Integer.java:777)
	at com.nsoz.server.Config.load(Config.java:95)
	at com.nsoz.server.NinjaSchool.main(NinjaSchool.java:91)
[2026-05-12 22:38:54 ERROR (main)] - Vui long kiem tra lai cau hinh!
[2026-05-12 22:39:55 INFO  (main)] - Config - db.password: 
[2026-05-12 22:39:55 INFO  (main)] - Config - game.shinwa.fee: 5000
[2026-05-12 22:39:55 INFO  (main)] - Config - mongodb.password: 
[2026-05-12 22:39:55 INFO  (main)] - Config - server.log.display: false
[2026-05-12 22:39:55 INFO  (main)] - Config - mongodb.host: localhost
[2026-05-12 22:39:55 INFO  (main)] - Config - mongodb.port: 27017
[2026-05-12 22:39:55 INFO  (main)] - Config - db.user: root
[2026-05-12 22:39:55 INFO  (main)] - Config - game.quantity.display.max: 65535
[2026-05-12 22:39:55 INFO  (main)] - Config - game.data.version: 56
[2026-05-12 22:39:55 INFO  (main)] - Config - scheduledPoolSize: 20
[2026-05-12 22:39:55 INFO  (main)] - Config - db.port: 3307
[2026-05-12 22:39:55 INFO  (main)] - Config - server.port: 14444
[2026-05-12 22:39:55 INFO  (main)] - Config - db.minconnections: 15
[2026-05-12 22:39:55 INFO  (main)] - Config - websocket.host: ws://localhost
[2026-05-12 22:39:55 INFO  (main)] - Config - server.id: 1
[2026-05-12 22:39:55 INFO  (main)] - Config - game.shinwa.active: true
[2026-05-12 22:39:55 INFO  (main)] - Config - game.login.limit: 20
[2026-05-12 22:39:55 INFO  (main)] - Config - db.maxconnections: 20
[2026-05-12 22:39:55 INFO  (main)] - Config - game.item.version: 46
[2026-05-12 22:39:55 INFO  (main)] - Config - game.store.discount: 0
[2026-05-12 22:39:55 INFO  (main)] - Config - game.shinwa.player.max: 20
[2026-05-12 22:39:55 INFO  (main)] - Config - server.notification: Hellos
[2026-05-12 22:39:55 INFO  (main)] - Config - game.map.version: 36
[2026-05-12 22:39:55 INFO  (main)] - Config - ï»¿#Cau: hinh
[2026-05-12 22:39:55 INFO  (main)] - Config - mongodb.user: root
[2026-05-12 22:39:55 INFO  (main)] - Config - game.event: com.nsoz.event.LunarNewYear
[2026-05-12 22:39:55 INFO  (main)] - Config - game.shinwa.max: 10000
[2026-05-12 22:39:55 INFO  (main)] - Config - game.upgrade.percent.add: 0
[2026-05-12 22:39:55 INFO  (main)] - Config - websocket.port: 8020
[2026-05-12 22:39:55 INFO  (main)] - Config - db.driver: com.mysql.cj.jdbc.Driver
[2026-05-12 22:39:55 INFO  (main)] - Config - db.dbname: db_shop
[2026-05-12 22:39:55 INFO  (main)] - Config - threadPoolSize: 50
[2026-05-12 22:39:55 INFO  (main)] - Config - client.data.size.max: 1024
[2026-05-12 22:39:55 INFO  (main)] - Config - game.arena.active: true
[2026-05-12 22:39:55 INFO  (main)] - Config - db.host: localhost
[2026-05-12 22:39:55 INFO  (main)] - Config - game.skill.version: 35
[2026-05-12 22:39:55 INFO  (main)] - Config - game.EXP: 1
[2026-05-12 22:39:55 INFO  (main)] - Config - mongodb.dbname: admin
[2026-05-12 22:39:56 ERROR (main)] - DB Connection Pool Creation has failed.
[2026-05-12 22:40:23 INFO  (main)] - Config - mongodb.port: 27017
[2026-05-12 22:40:23 INFO  (main)] - Config - mongodb.password: 
[2026-05-12 22:40:23 INFO  (main)] - Config - mongodb.user: root
[2026-05-12 22:40:23 INFO  (main)] - Config - mongodb.dbname: admin
[2026-05-12 22:40:23 INFO  (main)] - Config - mongodb.host: localhost
[2026-05-12 22:40:23 ERROR (main)] - load config err: Cannot parse null string
java.lang.NumberFormatException: Cannot parse null string
	at java.base/java.lang.Integer.parseInt(Integer.java:623)
	at java.base/java.lang.Integer.parseInt(Integer.java:777)
	at com.nsoz.server.Config.load(Config.java:84)
	at com.nsoz.server.NinjaSchool.main(NinjaSchool.java:91)
[2026-05-12 22:40:23 ERROR (main)] - Vui long kiem tra lai cau hinh!
[2026-05-12 22:40:38 INFO  (main)] - Config - mongodb.port: 27017
[2026-05-12 22:40:38 INFO  (main)] - Config - websocket.port: 8020
[2026-05-12 22:40:38 INFO  (main)] - Config - mongodb.password: 
[2026-05-12 22:40:38 INFO  (main)] - Config - mongodb.user: root
[2026-05-12 22:40:38 INFO  (main)] - Config - websocket.host: ws://localhost
[2026-05-12 22:40:38 INFO  (main)] - Config - mongodb.dbname: admin
[2026-05-12 22:40:38 INFO  (main)] - Config - mongodb.host: localhost
[2026-05-12 22:40:38 ERROR (main)] - load config err: Cannot parse null string
java.lang.NumberFormatException: Cannot parse null string
	at java.base/java.lang.Integer.parseInt(Integer.java:623)
	at java.base/java.lang.Integer.parseInt(Integer.java:777)
	at com.nsoz.server.Config.load(Config.java:84)
	at com.nsoz.server.NinjaSchool.main(NinjaSchool.java:91)
[2026-05-12 22:40:38 ERROR (main)] - Vui long kiem tra lai cau hinh!
[2026-05-12 22:41:06 INFO  (main)] - Config - db.maxconnections: 20
[2026-05-12 22:41:06 INFO  (main)] - Config - game.item.version: 46
[2026-05-12 22:41:06 INFO  (main)] - Config - db.password: 123456
[2026-05-12 22:41:06 INFO  (main)] - Config - server.notification: Welcome to NSO Server
[2026-05-12 22:41:06 INFO  (main)] - Config - game.map.version: 36
[2026-05-12 22:41:06 INFO  (main)] - Config - server.log.display: false
[2026-05-12 22:41:06 INFO  (main)] - Config - db.driver: com.mysql.cj.jdbc.Driver
[2026-05-12 22:41:06 INFO  (main)] - Config - db.user: nso
[2026-05-12 22:41:06 INFO  (main)] - Config - game.data.version: 56
[2026-05-12 22:41:06 INFO  (main)] - Config - db.dbname: db_shop
[2026-05-12 22:41:06 INFO  (main)] - Config - threadPoolSize: 50
[2026-05-12 22:41:06 INFO  (main)] - Config - scheduledPoolSize: 20
[2026-05-12 22:41:06 INFO  (main)] - Config - client.data.size.max: 1024
[2026-05-12 22:41:06 INFO  (main)] - Config - db.port: 3306
[2026-05-12 22:41:06 INFO  (main)] - Config - server.port: 14444
[2026-05-12 22:41:06 INFO  (main)] - Config - db.minconnections: 15
[2026-05-12 22:41:06 INFO  (main)] - Config - db.host: localhost
[2026-05-12 22:41:06 INFO  (main)] - Config - game.skill.version: 35
[2026-05-12 22:41:06 INFO  (main)] - Config - game.EXP: 1
[2026-05-12 22:41:06 INFO  (main)] - Config - server.id: 1
[2026-05-12 22:41:06 ERROR (main)] - load config err: Cannot parse null string
java.lang.NumberFormatException: Cannot parse null string
	at java.base/java.lang.Integer.parseInt(Integer.java:623)
	at java.base/java.lang.Integer.parseInt(Integer.java:777)
	at com.nsoz.server.Config.load(Config.java:95)
	at com.nsoz.server.NinjaSchool.main(NinjaSchool.java:91)
[2026-05-12 22:41:06 ERROR (main)] - Vui long kiem tra lai cau hinh!
[2026-05-12 22:41:27 INFO  (main)] - Config - db.maxconnections: 20
[2026-05-12 22:41:27 INFO  (main)] - Config - game.item.version: 46
[2026-05-12 22:41:27 INFO  (main)] - Config - db.password: 123456
[2026-05-12 22:41:27 INFO  (main)] - Config - server.notification: Welcome to NSO Server
[2026-05-12 22:41:27 INFO  (main)] - Config - game.map.version: 36
[2026-05-12 22:41:27 INFO  (main)] - Config - server.log.display: false
[2026-05-12 22:41:27 INFO  (main)] - Config - db.driver: com.mysql.cj.jdbc.Driver
[2026-05-12 22:41:27 INFO  (main)] - Config - db.user: nso
[2026-05-12 22:41:27 INFO  (main)] - Config - game.data.version: 56
[2026-05-12 22:41:27 INFO  (main)] - Config - db.dbname: db_shop
[2026-05-12 22:41:27 INFO  (main)] - Config - threadPoolSize: 50
[2026-05-12 22:41:27 INFO  (main)] - Config - scheduledPoolSize: 20
[2026-05-12 22:41:27 INFO  (main)] - Config - client.data.size.max: 1024
[2026-05-12 22:41:27 INFO  (main)] - Config - db.port: 3306
[2026-05-12 22:41:27 INFO  (main)] - Config - server.port: 14444
[2026-05-12 22:41:27 INFO  (main)] - Config - db.minconnections: 15
[2026-05-12 22:41:27 INFO  (main)] - Config - db.host: localhost
[2026-05-12 22:41:27 INFO  (main)] - Config - game.skill.version: 35
[2026-05-12 22:41:27 INFO  (main)] - Config - game.EXP: 1
[2026-05-12 22:41:27 INFO  (main)] - Config - server.id: 1
[2026-05-12 22:41:27 ERROR (main)] - load config err: Cannot parse null string
java.lang.NumberFormatException: Cannot parse null string
	at java.base/java.lang.Integer.parseInt(Integer.java:623)
	at java.base/java.lang.Integer.parseInt(Integer.java:777)
	at com.nsoz.server.Config.load(Config.java:95)
	at com.nsoz.server.NinjaSchool.main(NinjaSchool.java:91)
[2026-05-12 22:41:27 ERROR (main)] - Vui long kiem tra lai cau hinh!
[2026-05-12 22:42:21 INFO  (main)] - Config - db.password: 123456
[2026-05-12 22:42:21 INFO  (main)] - Config - game.shinwa.fee: 5000
[2026-05-12 22:42:21 INFO  (main)] - Config - mongodb.password: 
[2026-05-12 22:42:21 INFO  (main)] - Config - server.log.display: false
[2026-05-12 22:42:21 INFO  (main)] - Config - mongodb.host: localhost
[2026-05-12 22:42:21 INFO  (main)] - Config - mongodb.port: 27017
[2026-05-12 22:42:21 INFO  (main)] - Config - db.user: nso
[2026-05-12 22:42:21 INFO  (main)] - Config - game.quantity.display.max: 65535
[2026-05-12 22:42:21 INFO  (main)] - Config - game.data.version: 56
[2026-05-12 22:42:21 INFO  (main)] - Config - scheduledPoolSize: 20
[2026-05-12 22:42:21 INFO  (main)] - Config - db.port: 3306
[2026-05-12 22:42:21 INFO  (main)] - Config - server.port: 14444
[2026-05-12 22:42:21 INFO  (main)] - Config - db.minconnections: 15
[2026-05-12 22:42:21 INFO  (main)] - Config - websocket.host: ws://localhost
[2026-05-12 22:42:21 INFO  (main)] - Config - server.id: 1
[2026-05-12 22:42:21 INFO  (main)] - Config - game.shinwa.active: true
[2026-05-12 22:42:21 INFO  (main)] - Config - game.login.limit: 20
[2026-05-12 22:42:21 INFO  (main)] - Config - db.maxconnections: 20
[2026-05-12 22:42:21 INFO  (main)] - Config - game.item.version: 46
[2026-05-12 22:42:21 INFO  (main)] - Config - game.store.discount: 0
[2026-05-12 22:42:21 INFO  (main)] - Config - game.shinwa.player.max: 20
[2026-05-12 22:42:21 INFO  (main)] - Config - server.notification: Welcome to NSO Server
[2026-05-12 22:42:21 INFO  (main)] - Config - game.map.version: 36
[2026-05-12 22:42:21 INFO  (main)] - Config - mongodb.user: root
[2026-05-12 22:42:21 INFO  (main)] - Config - game.event: com.nsoz.event.LunarNewYear
[2026-05-12 22:42:21 INFO  (main)] - Config - game.shinwa.max: 10000
[2026-05-12 22:42:21 INFO  (main)] - Config - game.upgrade.percent.add: 0
[2026-05-12 22:42:21 INFO  (main)] - Config - websocket.port: 8020
[2026-05-12 22:42:21 INFO  (main)] - Config - db.driver: com.mysql.cj.jdbc.Driver
[2026-05-12 22:42:21 INFO  (main)] - Config - db.dbname: db_shop
[2026-05-12 22:42:21 INFO  (main)] - Config - threadPoolSize: 50
[2026-05-12 22:42:21 INFO  (main)] - Config - client.data.size.max: 1024
[2026-05-12 22:42:21 INFO  (main)] - Config - game.arena.active: true
[2026-05-12 22:42:21 INFO  (main)] - Config - db.host: localhost
[2026-05-12 22:42:21 INFO  (main)] - Config - game.skill.version: 35
[2026-05-12 22:42:21 INFO  (main)] - Config - game.EXP: 1
[2026-05-12 22:42:21 INFO  (main)] - Config - mongodb.dbname: admin
[2026-05-12 22:42:22 ERROR (main)] - DB Connection Pool Creation has failed.
[2026-05-12 22:42:58 INFO  (main)] - Config - db.password: 123456
[2026-05-12 22:42:58 INFO  (main)] - Config - game.shinwa.fee: 5000
[2026-05-12 22:42:58 INFO  (main)] - Config - mongodb.password: 
[2026-05-12 22:42:58 INFO  (main)] - Config - server.log.display: false
[2026-05-12 22:42:58 INFO  (main)] - Config - mongodb.host: localhost
[2026-05-12 22:42:58 INFO  (main)] - Config - mongodb.port: 27017
[2026-05-12 22:42:58 INFO  (main)] - Config - db.user: nso
[2026-05-12 22:42:58 INFO  (main)] - Config - game.quantity.display.max: 65535
[2026-05-12 22:42:58 INFO  (main)] - Config - game.data.version: 56
[2026-05-12 22:42:58 INFO  (main)] - Config - scheduledPoolSize: 20
[2026-05-12 22:42:58 INFO  (main)] - Config - db.port: 3306
[2026-05-12 22:42:58 INFO  (main)] - Config - server.port: 14444
[2026-05-12 22:42:58 INFO  (main)] - Config - db.minconnections: 15
[2026-05-12 22:42:58 INFO  (main)] - Config - websocket.host: ws://localhost
[2026-05-12 22:42:58 INFO  (main)] - Config - server.id: 1
[2026-05-12 22:42:58 INFO  (main)] - Config - game.shinwa.active: true
[2026-05-12 22:42:58 INFO  (main)] - Config - game.login.limit: 20
[2026-05-12 22:42:58 INFO  (main)] - Config - db.maxconnections: 20
[2026-05-12 22:42:58 INFO  (main)] - Config - game.item.version: 46
[2026-05-12 22:42:58 INFO  (main)] - Config - game.store.discount: 0
[2026-05-12 22:42:58 INFO  (main)] - Config - game.shinwa.player.max: 20
[2026-05-12 22:42:58 INFO  (main)] - Config - server.notification: Welcome to NSO Server
[2026-05-12 22:42:58 INFO  (main)] - Config - game.map.version: 36
[2026-05-12 22:42:58 INFO  (main)] - Config - mongodb.user: root
[2026-05-12 22:42:58 INFO  (main)] - Config - game.event: com.nsoz.event.LunarNewYear
[2026-05-12 22:42:58 INFO  (main)] - Config - game.shinwa.max: 10000
[2026-05-12 22:42:58 INFO  (main)] - Config - game.upgrade.percent.add: 0
[2026-05-12 22:42:58 INFO  (main)] - Config - websocket.port: 8020
[2026-05-12 22:42:58 INFO  (main)] - Config - db.driver: com.mysql.cj.jdbc.Driver
[2026-05-12 22:42:58 INFO  (main)] - Config - db.dbname: db_shop
[2026-05-12 22:42:58 INFO  (main)] - Config - threadPoolSize: 50
[2026-05-12 22:42:58 INFO  (main)] - Config - client.data.size.max: 1024
[2026-05-12 22:42:58 INFO  (main)] - Config - game.arena.active: true
[2026-05-12 22:42:58 INFO  (main)] - Config - db.host: localhost
[2026-05-12 22:42:58 INFO  (main)] - Config - game.skill.version: 35
[2026-05-12 22:42:58 INFO  (main)] - Config - game.EXP: 1
[2026-05-12 22:42:58 INFO  (main)] - Config - mongodb.dbname: admin
[2026-05-12 22:43:00 ERROR (main)] - DB Connection Pool Creation has failed.
[2026-05-12 22:43:11 INFO  (main)] - Config - db.password: 123456
[2026-05-12 22:43:11 INFO  (main)] - Config - game.shinwa.fee: 5000
[2026-05-12 22:43:11 INFO  (main)] - Config - mongodb.password: 
[2026-05-12 22:43:11 INFO  (main)] - Config - server.log.display: false
[2026-05-12 22:43:11 INFO  (main)] - Config - mongodb.host: localhost
[2026-05-12 22:43:11 INFO  (main)] - Config - mongodb.port: 27017
[2026-05-12 22:43:11 INFO  (main)] - Config - db.user: nso
[2026-05-12 22:43:11 INFO  (main)] - Config - game.quantity.display.max: 65535
[2026-05-12 22:43:11 INFO  (main)] - Config - game.data.version: 56
[2026-05-12 22:43:11 INFO  (main)] - Config - scheduledPoolSize: 20
[2026-05-12 22:43:11 INFO  (main)] - Config - db.port: 3307
[2026-05-12 22:43:11 INFO  (main)] - Config - server.port: 14444
[2026-05-12 22:43:11 INFO  (main)] - Config - db.minconnections: 15
[2026-05-12 22:43:11 INFO  (main)] - Config - websocket.host: ws://localhost
[2026-05-12 22:43:11 INFO  (main)] - Config - server.id: 1
[2026-05-12 22:43:11 INFO  (main)] - Config - game.shinwa.active: true
[2026-05-12 22:43:11 INFO  (main)] - Config - game.login.limit: 20
[2026-05-12 22:43:11 INFO  (main)] - Config - db.maxconnections: 20
[2026-05-12 22:43:11 INFO  (main)] - Config - game.item.version: 46
[2026-05-12 22:43:11 INFO  (main)] - Config - game.store.discount: 0
[2026-05-12 22:43:11 INFO  (main)] - Config - game.shinwa.player.max: 20
[2026-05-12 22:43:11 INFO  (main)] - Config - server.notification: Welcome to NSO Server
[2026-05-12 22:43:11 INFO  (main)] - Config - game.map.version: 36
[2026-05-12 22:43:11 INFO  (main)] - Config - mongodb.user: root
[2026-05-12 22:43:11 INFO  (main)] - Config - game.event: com.nsoz.event.LunarNewYear
[2026-05-12 22:43:11 INFO  (main)] - Config - game.shinwa.max: 10000
[2026-05-12 22:43:11 INFO  (main)] - Config - game.upgrade.percent.add: 0
[2026-05-12 22:43:11 INFO  (main)] - Config - websocket.port: 8020
[2026-05-12 22:43:11 INFO  (main)] - Config - db.driver: com.mysql.cj.jdbc.Driver
[2026-05-12 22:43:11 INFO  (main)] - Config - db.dbname: db_shop
[2026-05-12 22:43:11 INFO  (main)] - Config - threadPoolSize: 50
[2026-05-12 22:43:11 INFO  (main)] - Config - client.data.size.max: 1024
[2026-05-12 22:43:11 INFO  (main)] - Config - game.arena.active: true
[2026-05-12 22:43:11 INFO  (main)] - Config - db.host: localhost
[2026-05-12 22:43:11 INFO  (main)] - Config - game.skill.version: 35
[2026-05-12 22:43:11 INFO  (main)] - Config - game.EXP: 1
[2026-05-12 22:43:11 INFO  (main)] - Config - mongodb.dbname: admin
[2026-05-12 22:43:12 ERROR (main)] - DB Connection Pool Creation has failed.
[2026-05-12 22:43:53 INFO  (main)] - Config - db.password: 
[2026-05-12 22:43:53 INFO  (main)] - Config - game.shinwa.fee: 5000
[2026-05-12 22:43:53 INFO  (main)] - Config - mongodb.password: 
[2026-05-12 22:43:53 INFO  (main)] - Config - server.log.display: false
[2026-05-12 22:43:53 INFO  (main)] - Config - mongodb.host: localhost
[2026-05-12 22:43:53 INFO  (main)] - Config - mongodb.port: 27017
[2026-05-12 22:43:53 INFO  (main)] - Config - db.user: root
[2026-05-12 22:43:53 INFO  (main)] - Config - game.quantity.display.max: 65535
[2026-05-12 22:43:53 INFO  (main)] - Config - game.data.version: 56
[2026-05-12 22:43:53 INFO  (main)] - Config - scheduledPoolSize: 20
[2026-05-12 22:43:53 INFO  (main)] - Config - db.port: 3307
[2026-05-12 22:43:53 INFO  (main)] - Config - server.port: 14444
[2026-05-12 22:43:53 INFO  (main)] - Config - db.minconnections: 15
[2026-05-12 22:43:53 INFO  (main)] - Config - websocket.host: ws://localhost
[2026-05-12 22:43:53 INFO  (main)] - Config - server.id: 1
[2026-05-12 22:43:53 INFO  (main)] - Config - game.shinwa.active: true
[2026-05-12 22:43:53 INFO  (main)] - Config - game.login.limit: 20
[2026-05-12 22:43:53 INFO  (main)] - Config - db.maxconnections: 20
[2026-05-12 22:43:53 INFO  (main)] - Config - game.item.version: 46
[2026-05-12 22:43:53 INFO  (main)] - Config - game.store.discount: 0
[2026-05-12 22:43:53 INFO  (main)] - Config - game.shinwa.player.max: 20
[2026-05-12 22:43:53 INFO  (main)] - Config - server.notification: Hellos
[2026-05-12 22:43:53 INFO  (main)] - Config - game.map.version: 36
[2026-05-12 22:43:53 INFO  (main)] - Config - ï»¿#Cau: hinh
[2026-05-12 22:43:53 INFO  (main)] - Config - mongodb.user: root
[2026-05-12 22:43:53 INFO  (main)] - Config - game.event: com.nsoz.event.LunarNewYear
[2026-05-12 22:43:53 INFO  (main)] - Config - game.shinwa.max: 10000
[2026-05-12 22:43:53 INFO  (main)] - Config - game.upgrade.percent.add: 0
[2026-05-12 22:43:53 INFO  (main)] - Config - websocket.port: 8020
[2026-05-12 22:43:53 INFO  (main)] - Config - db.driver: com.mysql.cj.jdbc.Driver
[2026-05-12 22:43:53 INFO  (main)] - Config - db.dbname: db_shop
[2026-05-12 22:43:53 INFO  (main)] - Config - threadPoolSize: 50
[2026-05-12 22:43:53 INFO  (main)] - Config - client.data.size.max: 1024
[2026-05-12 22:43:53 INFO  (main)] - Config - game.arena.active: true
[2026-05-12 22:43:53 INFO  (main)] - Config - db.host: localhost
[2026-05-12 22:43:53 INFO  (main)] - Config - game.skill.version: 35
[2026-05-12 22:43:53 INFO  (main)] - Config - game.EXP: 1
[2026-05-12 22:43:53 INFO  (main)] - Config - mongodb.dbname: admin
[2026-05-12 22:43:53 INFO  (main)] - DB Connection Pool has created.
[2026-05-12 22:43:58 INFO  (main)] - Loading list leader board
[2026-05-12 22:43:58 INFO  (main)] - Load list leader board successfully
[2026-05-12 22:43:58 INFO  (main)] - Loading clan data
[2026-05-12 22:43:58 INFO  (main)] - Load clan data successfully
[2026-05-12 22:43:58 INFO  (main)] - Load TDB
[2026-05-12 22:43:58 INFO  (main)] - load finish:Thiên bảng
[2026-05-12 22:43:58 INFO  (main)] - load finish:Địa bảng
[2026-05-12 22:43:58 INFO  (main)] - Load TDB successfully
[2026-05-12 22:43:58 INFO  (Ranked)] - Refresh ranked success.
[2026-05-12 22:43:58 INFO  (main)] - Tự động bảo trì 0h0
[2026-05-12 22:43:58 INFO  (main)] - Start socket post=14444
[2026-05-12 22:43:58 INFO  (main)] - Start server Success!
[2026-05-12 22:43:58 INFO  (Thread-346)] - Connect to socket server successfully!
